7,56,8,7,10,62,600.6
4,69,5,3,8,56,575.8
11,60,7,6,10,45,521.5
8,99,9,8,4,55,678.3
5,52,8,6,8,40,455.6
7,40,9,10,0,60,515.6
10,40,4,11,9,50,476.4
3,86,7,3,7,85,789.7
7,72,8,5,18,48,596.4
11,77,4,9,15,69,711.9
11,64,8,8,12,76,717.6
8,65,5,6,4,87,732.3
5,52,6,9,17,89,750.5
4,98,9,2,8,70,756.2
8,67,8,11,3,56,583.6
8,72,7,9,13,87,796.3
3,76,8,10,6,36,499.6
6,80,8,10,11,47,595.1
5,69,8,6,6,45,527.3
2,96,8,9,10,46,625
8,88,7,4,14,67,731.7
6,87,7,5,6,56,638.2
2,47,8,2,19,87,725.7
5,88,6,3,16,43,594.9
1,86,8,1,4,78,739
10,95,9,4,7,41,598.7
6,40,9,2,9,51,485.1
9,51,7,2,5,95,743.7
1,44,9,1,20,44,484.8
11,63,9,10,1,72,662
11,45,5,2,4,93,706.5
10,64,8,4,9,73,684.1
3,40,8,6,2,85,642.7
7,64,8,7,12,80,730.4
4,40,8,7,15,59,547.1
9,71,4,7,14,61,640.1
3,81,8,4,1,64,644.4
5,81,7,5,2,64,648.6
3,42,7,11,19,77,664.1
7,88,4,3,17,68,731
5,58,8,1,19,67,653.5
9,99,6,8,19,66,778.6
7,82,8,10,14,92,860.8
2,68,7,11,4,76,683.6
4,89,5,7,10,46,592.4
9,41,9,9,2,75,610.7
2,48,5,10,8,57,522.7
10,95,6,4,6,92,862.6
9,56,8,5,1,63,577.1
10,99,4,5,14,77,811.7
5,85,8,7,11,35,538.5
2,75,6,9,15,54,614.2
4,100,6,8,15,44,637
7,56,9,7,15,95,803.5
8,88,6,1,18,53,660.3
3,51,5,10,2,93,711.3
1,99,9,6,19,57,723.9
4,59,8,10,3,55,544.9
2,89,8,9,0,91,817.5
8,42,4,7,7,77,615.3
4,82,6,1,14,69,708.7
2,96,6,9,20,93,908.7
6,89,7,3,4,82,778
6,43,9,9,19,66,619
10,56,7,4,11,88,745
4,89,9,9,19,44,632
6,76,5,8,19,36,534.2
2,85,9,7,3,85,784.7
10,81,8,4,14,70,735.6
2,54,4,9,5,82,662.4
10,72,9,4,4,40,514
4,55,9,1,10,77,671.3
8,50,9,6,13,51,537.5
7,94,4,4,10,49,621.9
9,59,6,10,8,88,744.6
8,77,4,3,9,70,683.8
5,63,6,5,5,58,567.4
2,100,8,3,10,91,877.3
5,93,4,11,8,74,754
8,55,6,9,4,90,726.8
10,69,8,6,9,95,822.5
9,73,8,3,19,63,686.9
9,40,6,5,13,84,676.6
1,63,6,8,5,48,508
9,63,5,8,3,92,754.8
7,48,8,6,20,36,466.4
9,61,6,5,9,82,715
8,51,8,5,10,56,552.2
1,56,4,1,15,81,685.3
8,64,7,2,6,87,740.1
8,67,7,11,17,40,538.8
11,100,9,4,6,43,623.3
3,54,6,6,20,46,522.6
1,69,6,11,14,76,714.2
8,90,8,7,18,73,792.3
3,66,9,1,17,39,517.1
3,61,6,8,14,92,778.6
1,49,8,1,17,89,732.7
11,100,6,9,2,74,773
5,97,8,4,0,93,852.5
10,70,6,7,0,78,693.8
7,66,5,11,6,35,460.1
10,51,8,6,9,44,488
9,85,5,9,11,45,590.7
7,70,5,2,7,61,607.7
9,71,5,11,16,57,634.1
8,71,5,7,13,54,600.6
2,80,4,11,16,39,543.7
1,98,9,5,20,47,668.1
7,84,7,7,5,84,784.2
7,74,4,1,19,44,561.4
8,92,6,11,16,87,864.5
5,100,6,11,19,91,914.7
3,85,9,10,7,83,792.9
8,60,7,9,12,85,745.9
6,49,7,1,15,70,627
11,55,7,5,11,75,673.7
3,46,5,8,16,84,692
1,43,4,1,17,50,482.6
3,66,6,7,7,41,488.1
5,91,4,2,17,66,723.8
3,94,4,7,10,59,672.5
1,64,4,7,12,78,689.8
5,70,7,9,11,60,629
10,50,9,6,14,70,649.4
7,87,9,4,2,87,804.7
7,59,7,7,2,62,578
11,75,6,7,5,78,727.8
9,93,6,4,2,46,588
10,93,6,2,8,60,685
10,94,9,11,10,38,597.8
3,56,9,9,7,78,677.2
7,84,4,8,3,57,616.9
1,50,7,5,19,74,660.4
4,69,5,5,14,58,609.6
4,74,4,1,4,65,619.9
5,80,8,11,6,64,670.8
7,77,9,9,7,37,522.7
7,61,4,11,6,50,523.2
11,92,7,10,7,68,738.6
4,82,8,11,3,72,708.6
7,87,4,8,0,62,643.2
11,90,7,5,4,83,798.9
3,66,7,10,10,78,709.8
6,76,9,6,3,75,709.5
2,85,5,10,1,82,747.4
10,88,4,11,16,41,594.7
9,74,7,10,11,42,551.2
5,43,6,8,1,41,403.9
6,55,7,6,8,87,720.7
4,55,5,10,5,71,614.5
11,60,7,4,5,89,744.1
10,65,9,3,17,41,541.5
7,96,4,7,2,84,796.8
9,75,9,2,14,52,618.6
7,58,4,7,6,82,685.4
1,97,8,1,12,73,771.7
1,56,4,10,9,55,532.7
9,84,8,5,3,68,695.4
11,65,9,9,15,83,774.9
9,61,6,1,8,91,756.3
4,94,5,8,20,61,725.1
9,97,6,9,9,42,607.8
3,95,8,9,18,68,772.2
7,67,7,8,16,52,595.8
6,40,7,4,0,85,635.1
8,83,6,7,12,86,813.6
11,75,7,1,3,75,701.7
9,82,8,7,14,46,608.2
5,76,9,6,9,56,623.4
1,41,5,5,19,85,685.1
3,56,4,1,8,74,627
10,79,8,8,7,56,633.6
8,77,8,10,19,42,589.8
11,60,4,1,5,76,655.8
6,100,4,1,9,62,702.4
8,48,5,3,19,84,712.2
9,52,5,8,16,81,705.5
4,50,5,8,4,90,698.2
1,100,7,7,13,66,748.4
1,55,8,5,16,45,510.1
10,55,9,8,10,55,570.7
4,98,4,2,3,60,662.2
7,41,8,8,16,48,500.2
2,81,8,11,1,49,568.3
3,83,5,2,20,48,611.4
1,47,5,10,0,46,430
5,82,8,5,17,70,740
1,81,5,11,6,37,504.1
8,52,7,4,5,78,653.6
1,96,4,1,5,91,826.3
11,56,8,5,13,92,781.4
1,78,4,7,11,41,524.9
2,63,7,1,13,73,670.7
2,42,5,2,13,88,682.6
6,69,6,9,11,91,794.1
7,91,7,5,8,85,818.5
5,52,6,7,8,80,668
1,58,4,2,1,35,391.9
1,46,8,7,17,73,642.9
3,48,5,7,4,59,518.5
2,58,7,7,11,65,612.1
5,84,5,5,13,56,642.2
10,93,6,9,12,44,619
6,79,6,2,2,52,570.6
7,61,9,4,14,47,547.5
4,57,8,2,14,42,495.2
7,100,6,8,2,43,593.3
11,62,8,11,19,92,827
8,41,9,1,18,49,510.5
11,89,7,9,14,42,609.2
1,89,9,5,18,91,876.3
6,50,8,11,7,67,602.7
8,70,6,3,12,69,676.3
5,72,4,11,9,53,578.9
4,53,8,4,1,64,562.4
2,55,5,1,10,43,462.7
6,50,4,3,18,53,535.9
6,72,8,11,8,81,749.1
11,46,5,8,8,80,658.8
1,70,9,2,5,60,601
9,100,4,2,9,35,561.1
11,87,8,9,7,37,556.3
6,85,7,5,14,68,725.4
3,86,9,5,5,59,651.1
4,53,5,1,6,64,562.6
11,67,7,6,19,35,518.1
4,92,6,8,16,93,885.9
3,82,9,6,3,52,595
10,55,9,7,7,67,625.3
3,58,8,4,12,43,497.3
3,56,8,2,13,41,481.3
4,98,5,1,17,64,735
7,65,9,6,16,47,568.7
4,45,8,9,17,51,527.3
9,82,6,10,13,47,605.1
1,88,8,5,10,47,599.7
8,48,9,2,9,76,650.6
7,89,4,1,12,94,857.6
2,56,7,3,19,72,667
8,70,9,4,15,71,711.9
1,51,6,7,13,44,476
11,62,9,9,2,48,529.2
9,93,6,8,17,77,814.3
9,93,9,9,5,39,578.9
2,44,7,7,19,70,624.8
7,82,7,10,2,69,689.1
10,75,6,8,18,80,782.2
3,98,9,8,2,79,790.5
7,75,7,1,11,90,803.4
10,42,5,9,7,57,516.1
9,97,9,2,4,39,579.1
4,63,7,11,16,78,724.4
1,94,4,7,9,91,841.1
2,96,4,10,20,62,730.6
1,56,5,10,16,57,571.9
5,78,7,5,8,76,726
5,65,4,4,12,68,642.2
11,43,9,1,9,65,579.9
7,94,8,1,7,41,581.7
9,84,7,3,6,41,550.3
9,51,5,1,1,38,406.6
3,40,7,8,1,78,598.8
3,60,6,3,3,66,589.2
3,58,6,11,8,62,587.8
4,60,4,10,13,90,756.8
8,91,6,2,10,38,560.8
6,57,5,6,20,73,681.7
8,82,4,4,6,86,777.8
1,91,5,11,18,79,805.9
8,42,9,11,3,42,436
4,100,5,4,1,48,602.2
11,88,6,2,20,64,734.8
1,83,9,2,18,37,557.7
8,71,6,11,20,36,534.6
4,49,5,6,17,44,484
6,79,6,5,20,40,569.4
8,54,6,9,6,89,725.1
4,44,6,4,10,41,430.7
3,43,7,5,9,50,477.4
9,97,9,1,10,40,603.8
3,67,9,2,8,50,551.2
9,92,9,3,2,61,679.5
2,91,5,5,4,90,813.6
2,90,8,5,0,46,568.2
2,92,5,4,0,56,614.8
6,43,9,10,19,49,526.7
3,54,4,3,4,56,510.8
9,56,6,9,18,69,663.9
4,83,6,1,5,94,818.6
1,42,8,6,2,82,628.2
4,49,4,7,20,84,711
1,86,7,10,12,49,613.1
5,81,5,4,16,57,647.7
4,95,7,10,2,72,738.6
8,62,4,3,2,83,686.5
8,57,8,8,20,36,497.8
7,40,4,9,12,36,401.2
3,74,8,1,1,83,724.3
1,92,7,11,2,53,620.3
1,97,7,10,19,39,614.9
11,70,4,9,15,38,520.4
3,98,4,7,20,62,735
6,83,6,1,11,52,612
7,40,8,7,8,74,611.8
6,42,6,5,15,75,633.9
6,42,5,10,3,90,677.2
6,76,5,7,19,89,824.5
3,58,4,9,17,92,772.2
6,68,7,8,0,84,718.4
8,64,5,6,6,65,615.1
11,72,5,2,19,56,635
11,75,6,8,11,45,567.9
2,100,6,4,7,82,810
5,68,5,8,7,50,544.4
1,97,4,7,8,38,555.2
1,65,6,4,13,55,574.9
5,43,5,8,19,75,647.7
3,88,7,11,4,79,762.1
4,53,6,11,19,59,595.7
3,89,5,11,20,54,673.2
1,66,8,2,1,42,472
1,72,6,9,20,77,746.7
5,61,8,6,9,87,744.5
6,87,6,7,8,43,571.5
3,42,6,10,6,52,476.8
9,62,9,1,17,65,660.1
5,60,9,3,11,86,743.6
8,80,8,10,10,69,716.7
1,62,4,5,9,89,731.7
5,43,5,7,12,64,562.2
3,60,4,1,8,52,518
1,76,4,9,15,53,600.9
4,82,9,5,20,75,780.1
5,70,5,3,16,58,619
7,60,9,7,4,84,717.6
1,65,9,10,5,56,573.6
3,80,9,8,9,82,776.8
2,97,7,10,10,48,635.8
9,74,4,10,1,53,564.5
10,77,4,3,6,94,809.6
6,63,4,7,13,63,617.7
10,50,7,7,3,56,527.4
3,80,6,4,4,64,642.8
8,68,8,10,18,49,597.9
8,86,8,9,20,55,690.5
2,94,7,1,19,60,712.6
6,99,4,1,9,70,743.4
7,42,8,5,5,46,451.2
2,40,7,3,1,41,387.3
11,91,9,10,2,45,600.9
10,100,5,9,14,92,906.4
2,93,8,5,9,73,756.3
10,58,5,7,16,54,575.8
1,85,4,1,6,69,675.7
8,88,8,2,1,38,530
1,61,7,11,6,36,447.4
9,53,6,4,14,54,552.8
11,88,8,9,2,81,784.3
6,96,8,5,4,54,651.8
7,98,8,5,7,46,626
10,53,8,9,3,87,713.7
7,83,7,8,17,51,641.7
10,55,7,2,18,52,565.4
3,72,6,7,7,74,687.6
2,52,7,1,5,58,528
9,77,7,10,4,42,536.4
8,88,4,11,4,71,714.9
10,51,4,11,16,90,753.2
7,94,5,9,5,75,758.3
9,90,6,3,12,64,710.8
4,77,4,2,8,54,583.2
4,78,6,4,11,86,783.6
1,72,6,4,9,57,593.3
8,72,8,3,0,71,661.3
3,68,9,2,10,93,797.5
7,44,9,5,5,44,450.6
2,45,9,4,2,67,558.7
2,70,6,5,5,58,582.4
7,55,8,8,8,70,636
6,70,5,11,7,90,776
3,64,5,2,14,50,545
9,87,9,9,5,84,808.4
10,85,5,10,10,62,684
6,72,8,1,9,46,548
10,52,9,8,10,54,556.2
10,91,8,5,3,81,789.9
6,49,5,2,12,52,510.2
1,63,9,8,7,71,654.5
4,49,8,5,19,92,766.8
10,80,7,10,14,60,680.4
6,70,7,10,6,80,725.2
6,52,8,3,0,90,701.8
11,42,8,7,8,93,730.3
5,98,4,4,7,41,575.7
1,89,4,11,1,77,726.7
8,91,6,11,13,81,818.3
5,73,9,10,11,55,620.5
5,88,6,6,16,77,785.5
7,67,6,10,18,66,677.6
4,58,5,8,5,41,456.1
6,62,7,1,20,87,776.5
4,84,5,2,4,57,611.5
3,71,9,8,5,54,582.2
7,52,8,7,2,54,517.4
8,72,4,10,15,66,675.6
4,73,9,9,17,60,665.2
2,72,8,2,13,70,686.8
10,95,9,8,14,93,913.3
3,44,8,6,3,58,509.6
1,95,4,1,10,35,532.3
8,42,8,4,4,92,701.6
3,100,6,2,8,87,840.5
10,99,9,7,4,62,719.6
7,46,4,9,6,60,530.8
10,63,8,6,17,68,683.2
5,61,6,4,17,60,612
10,84,6,5,19,70,754
5,100,7,11,1,39,571.9
7,62,6,1,12,90,763.4
9,69,5,4,12,36,490.6
5,99,4,10,16,66,754
1,57,4,3,16,68,622.6
10,71,4,9,5,84,740.4
10,95,8,6,13,64,743.6
1,92,9,4,20,58,709.4
2,46,8,3,13,62,566
6,72,5,4,11,80,732.2
9,44,9,8,4,37,416.3
8,88,6,5,4,87,804.5
5,67,8,11,3,84,731.6
1,100,9,1,12,88,867.6
7,47,6,5,3,44,439.6
5,54,9,8,17,40,499
6,91,6,11,15,68,749.6
7,43,9,4,17,65,602.7
3,73,8,2,1,86,739
10,44,8,3,3,77,624.5
3,72,5,11,19,84,783.8
5,96,7,9,16,80,834
6,44,4,7,19,92,740.6
9,77,8,3,5,86,777.8
5,73,8,5,17,47,586.5
1,97,6,3,19,95,910.1
4,65,7,10,6,93,777.7
5,40,8,4,12,73,612.3
10,43,9,8,8,87,703.9
10,78,7,3,1,92,797.8
5,93,4,3,7,54,631
7,65,9,11,13,66,669
4,72,6,11,17,44,563.4
1,72,5,8,0,60,579.6
5,47,9,10,8,53,521.3
7,59,4,10,8,63,594.3
10,55,9,7,1,95,758.9
10,60,7,7,15,47,548.7
6,84,7,10,3,88,801
5,94,4,2,12,68,726.8
4,95,7,7,16,54,683.6
2,65,9,10,10,78,713.6
4,62,5,11,1,74,639.6
10,57,9,10,3,52,538.8
10,70,5,3,11,91,793.5
3,91,7,7,1,68,695.6
10,81,9,4,0,82,758.4
1,51,7,8,5,42,443.4
8,40,5,8,15,50,493.6
5,81,7,6,1,74,701.4
4,48,8,3,13,57,548.5
8,42,6,6,19,66,603.2
7,99,9,6,11,47,653.7
2,90,8,3,18,60,704
1,65,7,11,2,72,643.8
11,48,7,4,18,35,455.3
4,81,6,2,10,36,511.8
8,90,7,1,3,73,729.7
2,55,6,2,16,47,510.7
3,63,9,7,16,61,632.9
1,89,5,10,6,38,532.4
1,53,6,5,4,75,619.5
3,100,6,9,18,85,871.9
11,42,8,3,20,54,551.8
5,73,7,2,18,37,526.9
3,72,9,4,8,57,607.1
1,89,5,2,16,36,545.8
1,63,4,11,8,50,524
8,48,6,7,13,44,481
10,52,4,10,4,62,560.2
11,41,7,6,1,78,615.4
2,46,6,8,14,52,511.6
3,87,4,5,15,36,539.6
2,60,8,2,18,48,546.8
3,58,4,4,0,78,631.4
7,64,8,1,11,54,576.8
1,86,5,2,18,90,840.6
10,61,7,4,19,90,798.2
8,50,9,6,14,90,755.4
10,72,4,4,4,74,679
10,71,6,4,0,57,577.7
10,60,7,11,10,88,762
2,78,4,10,8,94,811.8
3,59,6,10,6,41,467.3
9,47,6,2,1,79,625.7
7,81,9,9,16,81,807.3
4,76,9,10,15,48,602.6
10,48,6,8,15,71,641.5
5,64,9,8,13,42,526.4
2,64,6,5,1,84,693.8
11,72,4,3,18,39,534.9
8,41,5,6,2,57,488.5
4,58,9,9,7,75,668.7
9,85,8,8,20,44,627.8
5,59,8,7,18,83,748.3
9,81,8,11,15,61,695.9
4,80,5,8,3,91,790.3
10,81,6,4,7,69,697.5
5,68,6,6,0,35,440.1
9,45,7,5,3,41,425.5
8,56,8,2,6,81,687.5
3,99,8,8,0,85,815.3
1,64,6,3,17,42,512.8
3,77,8,5,3,45,535.9
4,43,6,8,19,68,611.6
2,69,6,11,13,86,767.8
1,59,9,9,7,62,594.2
7,42,6,9,17,68,609
8,62,4,5,6,77,669.5
7,90,4,2,2,54,607.8
5,57,4,7,20,62,616
1,65,4,11,13,83,728.5
7,95,5,11,11,95,894.1
7,75,7,7,14,76,743.8
9,47,7,8,7,71,613.7
3,56,6,8,4,37,427.1
9,70,8,5,16,43,560.1
1,76,4,1,9,86,752.4
1,84,7,11,10,56,640
4,96,7,4,15,59,707.1
9,72,4,4,15,36,505.4
6,66,5,11,3,57,568.9
11,84,5,3,4,85,780.7
3,43,7,8,9,51,486.5
1,61,5,3,13,91,755.3
4,65,9,5,8,59,600.3
9,71,4,2,17,46,561.8
3,63,7,6,19,61,633.1
9,85,4,6,5,54,611.8
7,74,5,8,10,43,538.1
4,76,4,8,20,57,644.7
3,71,5,1,16,70,681.6
10,46,5,5,8,62,554.2
5,72,4,2,2,84,714.8
5,70,5,10,15,82,756
3,94,9,5,19,63,744.7
9,100,6,10,3,87,845.1
4,51,4,9,14,90,732
11,50,6,4,1,76,624.6
5,63,4,8,19,92,796.8
4,47,5,1,16,88,710.6
5,71,5,8,18,66,678.8
7,96,7,6,19,46,657.6
9,77,9,8,15,64,701.2
7,99,7,6,18,94,927.2
5,61,6,11,20,45,548.1
10,73,5,3,16,71,709.5
10,58,7,11,3,54,545.2
7,91,5,8,17,45,623.9
10,59,4,5,3,82,681.8
5,95,7,10,20,81,851.3
3,53,6,5,2,72,600.2
7,72,7,7,17,79,761.5
11,49,5,6,20,50,541.2
11,55,8,9,19,93,809.1
2,43,8,7,4,69,569.7
9,66,9,3,8,84,748.4
10,67,5,11,14,35,496.3
10,100,4,11,8,59,702.5
1,82,7,5,13,83,785.5
6,55,8,9,20,61,626.5
7,98,4,11,1,86,815.2
8,91,5,10,17,66,743.8
10,72,4,2,12,40,516.8
9,87,5,1,20,75,782.7
2,58,9,11,15,70,666.8
11,60,7,8,5,73,660.9
10,61,4,8,15,57,594.7
2,48,7,2,3,63,537.9
5,48,4,8,9,64,563.8
5,48,5,5,18,56,551.2
6,66,5,2,10,91,768.9
3,56,4,7,4,45,461.1
8,83,9,7,17,60,700.8
1,96,5,3,2,57,635.9
6,84,6,1,7,37,518.9
4,47,6,11,10,82,673.6
1,55,7,4,20,40,490.6
7,57,6,2,18,41,500.5
9,100,6,4,20,78,846.2
4,98,9,8,2,73,759.5
4,72,9,2,11,95,825.9
6,40,8,1,14,88,700
3,51,8,11,15,85,725.9
6,45,9,3,4,56,511.8
7,80,8,10,18,82,813.4
11,94,9,7,5,84,831
10,44,8,6,11,76,649.8
10,98,5,6,18,95,926.9
3,55,9,7,8,67,614.7
7,57,7,8,17,74,690.2
3,88,7,3,2,37,514.7
2,57,9,3,13,64,614.4
10,40,6,10,20,82,697.4
4,58,7,8,4,58,555
8,93,6,7,4,37,546.9
9,100,7,10,3,36,569
7,47,4,5,15,78,658.6
1,42,4,4,12,74,598.2
3,97,9,6,7,53,659.1
9,64,7,9,20,58,638.6
1,97,5,6,15,84,835.2
9,44,6,8,1,54,486.4
8,94,7,1,7,91,854.3
1,79,9,6,2,81,738.1
6,58,6,2,8,83,698.5
5,57,8,3,10,84,715.8
6,89,9,6,20,65,751.3
10,92,7,2,19,84,855.8
5,70,5,4,0,75,659.3
6,72,8,6,0,92,776.4
5,86,9,5,7,65,694.9
11,57,7,6,15,71,672.5
5,100,4,6,9,77,788.9
4,96,7,8,1,63,686.3
3,78,4,9,15,38,528.4
3,55,4,5,3,92,710.8
4,55,9,6,18,44,523
9,86,7,6,8,70,726.2
2,77,7,6,2,89,769.3
9,80,4,2,10,69,691.5
1,46,6,4,7,91,695.5
1,53,8,1,6,82,668.8
5,82,5,1,0,55,581.7
6,92,7,1,7,77,767.3
6,87,8,7,16,75,783.5
3,64,8,1,10,35,460.9
7,71,6,6,6,76,699
9,77,8,2,8,46,566.8
11,61,7,6,13,58,606.2
10,98,9,6,4,36,572.4
8,55,9,11,17,81,737.1
6,91,8,3,12,90,859.6
8,68,7,8,4,54,571
5,55,7,11,7,50,517.8
8,51,4,4,14,68,613
10,56,6,7,3,47,491.5
4,76,5,4,0,52,548.8
10,66,4,1,5,63,600.3
8,64,5,6,18,88,782.4
10,52,7,5,11,85,717.7
2,47,9,9,6,77,639.3
5,95,4,9,12,48,628.2
9,44,8,11,6,64,570.8
4,51,8,8,8,92,739
11,80,5,7,0,69,671.9
6,42,7,2,20,43,475.7
1,74,9,8,12,71,704.5
9,72,5,3,18,80,760.8
1,96,9,6,20,73,806.3
5,61,6,10,0,46,484.4
4,89,9,7,19,55,690.1
3,95,8,6,20,52,687.4
6,83,4,5,18,45,593.3
2,48,4,4,17,61,563.7
3,80,4,2,4,58,598.6
5,57,9,9,2,75,650.7
9,89,8,7,1,77,755.5
2,68,9,7,9,84,748.6
10,78,7,4,5,68,680.6
8,66,8,5,18,54,613.4
2,75,8,6,16,47,584.3
11,84,9,11,18,81,833.5
5,56,9,2,12,42,491.8
7,95,4,4,16,71,766.3
8,73,8,4,17,39,547.3
1,85,4,4,10,41,538.9
6,42,7,7,19,78,670.8
1,44,6,7,19,86,706.4
2,53,4,7,12,46,482.8
1,42,9,7,10,75,622.5
11,62,5,2,19,38,506
5,78,6,5,18,74,744.6
10,69,7,10,9,53,591.9
9,89,9,2,2,88,817.8
6,84,6,5,20,35,556.9
11,100,9,6,5,89,875.3
11,62,4,3,6,77,673.1
1,66,9,6,20,89,804.3
1,93,7,5,19,47,640.9
2,49,5,4,4,84,653.4
9,64,4,10,8,87,745.3
3,52,4,9,9,86,694
1,55,7,11,13,76,673.2
5,80,7,8,10,79,758.9
7,73,6,7,16,59,646.7
6,94,5,11,10,78,792.2
1,76,9,1,6,79,725.7
5,100,6,9,10,68,755.2
5,61,9,9,12,69,663.7
6,56,9,6,18,95,810.5
3,62,9,7,5,51,537.5
5,93,6,3,1,60,652.4
7,75,4,5,13,55,609.3
5,88,7,7,15,85,831.7
5,48,4,1,6,46,446.2
5,91,5,1,0,50,581.2
10,41,6,5,1,86,651.8
10,71,5,9,8,54,590
3,95,7,7,17,88,872
1,89,7,1,20,44,611
5,92,8,5,19,57,705.3
9,98,5,8,17,89,890.9
1,61,4,8,17,81,715.5
3,82,5,2,9,64,659
4,52,6,7,7,93,734.1
1,47,7,10,20,42,484.8
1,98,7,5,7,85,824.1
8,40,5,9,1,39,386.7
2,56,5,3,17,46,508.4
8,51,9,1,10,76,661.8
7,43,5,4,10,88,687.8
10,92,9,7,18,48,669.2
10,52,6,1,10,94,754.6
2,70,6,2,9,88,757.4
6,100,4,5,7,46,612.4
6,80,5,9,14,58,651.4
3,98,4,1,7,79,777.1
11,46,8,4,18,87,739.7
2,62,6,3,0,87,698.5
1,63,7,5,19,51,572.9
6,44,9,5,2,35,388.9
5,44,8,10,20,88,741.2
11,56,7,2,11,76,678.6
9,69,8,5,15,92,823.2
1,48,4,9,15,71,615.9
7,45,4,5,16,45,474.5
5,64,9,11,15,76,723.8
5,58,6,10,8,40,469.6
2,55,9,2,18,49,541.7
11,60,7,7,0,75,653.7
3,41,8,6,17,74,636.2
7,49,9,7,5,57,539.5
6,55,5,8,5,57,539.1
2,76,5,10,11,72,699.4
6,54,6,5,2,72,609.2
2,52,9,2,10,83,692.5
2,52,7,7,5,46,469.2
2,71,5,7,13,41,517.1
11,84,6,8,17,71,758.3
3,86,9,7,15,50,638
2,85,6,10,12,89,827.7
4,47,7,7,0,72,584.2
9,82,5,9,5,74,720.8
6,57,5,8,13,69,638.3
1,95,5,2,16,74,772.8
8,75,4,2,12,63,648.3
7,65,5,7,12,73,681.7
10,49,8,10,8,51,521.9
3,70,4,11,5,85,731.3
1,72,9,10,5,60,616.6
5,68,4,3,4,54,545.8
4,44,4,1,20,80,666.8
10,52,4,9,13,59,573.1
8,40,6,3,13,94,727.2
1,62,8,1,3,72,630.6
10,79,7,6,1,73,699.9
1,42,5,4,1,71,548.7
4,42,4,1,16,53,498.7
8,46,7,4,9,55,522.7
5,75,6,8,13,66,678.2
2,74,7,11,18,62,672.2
6,54,4,7,16,73,655.9
5,79,9,1,10,75,734.3
2,42,8,10,6,46,450.6
11,68,7,9,8,91,795.3
11,69,4,6,13,81,743.5
11,78,4,2,3,49,555.7
3,57,5,3,13,62,587.8
9,50,9,7,19,90,775.6
7,82,5,3,19,55,652.7
7,88,9,3,16,50,650.6
11,99,8,5,18,57,734.9
6,77,5,3,16,86,796
8,79,8,3,13,60,666
4,40,6,11,12,49,477.9
8,68,6,5,13,71,687.1
4,49,9,5,15,46,504.6
8,67,9,9,20,38,544.4
9,96,5,1,14,69,756.3
3,70,6,1,18,65,662.3
3,58,7,11,10,95,780.5
11,42,7,9,11,61,562.5
2,75,7,5,10,95,822.3
10,82,6,4,4,66,673.8
3,54,7,2,7,67,593.5
3,72,8,9,5,47,543.5
5,80,4,6,15,71,716.3
5,82,9,9,11,78,772.8
2,90,5,5,5,36,517
10,84,8,4,12,72,748.8
6,65,7,7,6,71,657.1
5,55,4,5,7,93,733.9
6,75,5,8,11,84,768
1,72,8,8,1,90,761.2
5,59,5,2,8,39,453.1
9,52,9,5,12,52,546.4
10,72,6,10,16,82,779.8
2,44,7,8,12,51,497.7
1,76,8,3,15,36,517.8
10,53,8,7,0,83,679.1
11,66,4,3,6,76,679.6
9,62,4,6,12,92,775.6
10,53,4,2,13,69,622.7
9,79,5,6,20,48,616.2
9,43,7,6,16,85,706.9
6,78,5,8,15,46,581.6
8,91,7,5,14,92,879.4
11,58,8,1,16,67,655.3
1,86,5,8,1,41,520.5
10,93,5,9,11,92,875.2
4,43,5,1,2,73,568.5
1,69,6,5,8,79,703.1
8,58,9,6,5,43,490.3
1,70,7,4,5,39,479.1
3,70,7,11,6,38,489.4
4,48,5,2,7,66,563.2
8,92,6,5,2,39,545.7
6,52,5,4,14,90,737.4
10,53,7,7,5,90,730.2
7,94,9,6,10,94,893.8
8,99,9,3,2,86,836
2,85,8,9,15,78,785
10,93,6,4,5,42,578.2
11,49,9,11,10,47,514.3
8,87,6,5,7,38,542.2
3,70,5,3,9,86,745.2
7,76,8,8,9,45,564.9
3,62,7,11,2,49,512.3
7,66,9,7,13,90,799.2
11,45,9,11,18,80,711
2,65,4,11,20,52,583.8
10,41,7,7,20,54,547.2
6,84,9,8,8,35,532.9
3,100,9,7,12,35,587.3
3,52,7,3,8,45,471.1
9,90,8,3,20,63,741.3
7,89,6,2,11,95,869.7
5,99,7,1,13,63,729.7
10,58,6,5,4,58,559
7,40,8,4,5,54,488
9,79,8,11,12,64,696.2
1,71,5,2,12,72,676.2
7,61,4,1,5,39,447.3
6,87,8,3,13,79,790.5
10,68,8,6,10,44,542.4
9,41,6,2,12,40,430.6
1,79,8,10,11,38,532.6
4,77,7,7,15,38,538.2
9,87,5,11,5,41,556.7
4,94,5,7,8,82,798.6
10,50,7,11,16,67,636.9
3,56,9,3,19,43,518.3
9,94,8,1,15,60,717.4
2,90,4,9,11,85,807.3
4,82,8,11,17,86,833.2
6,99,5,5,8,81,809.7
2,47,4,2,2,75,584.3
8,61,9,8,9,55,581.3
8,43,6,10,10,94,734.4
1,50,6,10,1,86,666.8
3,47,8,4,7,94,727.8
10,48,8,11,19,56,585
9,65,4,10,10,67,645.1
5,41,4,7,17,92,722.8
6,55,9,5,19,67,655.7
4,70,8,3,6,82,728.2
10,45,5,10,13,39,447.7
2,92,6,8,6,55,638.9
11,60,9,2,0,61,579.5
8,65,4,1,11,75,679.7
11,98,5,5,0,35,536.5
6,58,8,11,2,85,708.7
5,67,7,4,1,50,525
9,47,4,11,2,69,576.1
1,53,9,10,3,70,607.8
5,63,7,7,13,78,711.4
6,87,5,9,17,66,726.6
5,83,6,6,4,63,652.7
6,76,5,11,14,73,724.3
6,95,6,1,15,81,821.1
7,65,5,8,7,57,577.9
4,70,4,2,20,49,575.5
11,95,4,4,7,60,683.2
8,90,9,3,6,71,740.1
7,71,7,6,5,59,606.5
9,89,5,2,6,89,819.3
7,80,5,5,18,36,541.2
3,41,7,11,0,46,426
3,64,8,9,12,53,576.3
8,91,9,3,6,93,864.1
5,83,5,2,0,66,646.4
4,100,9,2,9,57,694.1
8,41,5,9,12,39,427.1
6,81,5,6,3,89,783.9
2,40,8,2,6,59,506.5
4,75,4,3,5,91,771.7
11,96,9,1,5,69,747.3
4,51,7,2,20,90,757.2
6,48,9,2,10,63,578.5
6,75,8,11,8,72,708.6
1,80,6,2,6,79,725.7
8,67,6,7,8,54,576
6,77,8,3,5,81,744.3
3,72,8,11,18,70,716.6
9,81,4,4,13,86,800.6
2,100,9,2,0,41,571.5
11,85,9,5,15,56,681.6
8,61,6,9,8,52,549.4
10,64,7,9,14,87,779.7
3,100,9,7,18,55,717.7
5,57,5,8,9,56,551.2
6,45,5,5,15,73,627.5
10,57,4,5,2,46,474.4
6,91,4,3,18,45,614.9
4,55,6,6,12,90,742.4
3,54,7,1,13,46,497.2
4,87,7,3,6,60,653.8
1,47,8,11,1,64,546.8
4,52,4,2,13,49,497.7
1,94,9,7,16,42,617.4
1,82,5,9,12,77,745.1
10,99,9,4,1,87,843.3
6,100,5,7,4,52,642
5,96,6,8,3,44,586.2
11,46,5,10,2,42,431.8
4,56,9,2,13,72,658.2
11,89,9,7,10,69,750.5
3,71,7,3,7,54,574.2
1,61,7,8,8,46,505.6
6,94,4,6,15,83,826.3
2,90,9,3,2,37,527.5
8,96,6,8,9,54,667.6
10,52,5,11,0,84,673.2
5,86,4,3,8,46,569.4
7,62,8,9,15,88,781
10,93,8,11,8,58,693.6
2,68,5,3,11,50,546
8,61,5,1,0,94,739.2
2,40,5,2,15,88,683.4
4,68,7,4,7,44,513.4
1,87,5,11,13,53,633.9
5,44,8,2,13,75,636.3
9,97,5,4,9,48,630.4
1,74,9,4,0,86,741.4
9,94,6,4,5,48,612.2
11,49,8,1,8,56,540.6
8,58,6,9,18,38,497.4
6,76,8,10,15,81,783.7
7,46,4,11,18,86,717
3,85,9,7,10,93,854.5
1,74,8,2,20,68,703.6
5,84,9,3,10,92,845.2
2,52,8,8,13,52,535
5,49,6,7,6,68,586.2
8,41,6,4,11,52,493.6
11,45,8,4,19,74,668.6
9,47,8,9,19,65,627.1
2,75,7,5,4,76,697.4
3,64,9,11,0,54,547.8
3,83,9,5,10,70,719.6
1,99,9,7,14,76,812.6
8,86,9,1,9,44,587.4
6,79,4,3,14,93,829.3
8,46,4,2,12,37,418.3
11,85,5,11,14,55,662.3
9,62,8,10,1,70,639.6
5,58,8,6,12,89,756.7
3,85,8,11,11,44,588.8
5,61,8,6,3,41,471.1
5,52,9,10,11,56,563
5,100,9,1,14,57,711.9
3,60,4,6,12,46,504.6
11,40,6,10,1,73,585.3
10,98,7,2,19,47,670.3
4,58,9,11,15,74,692.8
9,100,9,4,13,93,918.1
10,99,9,6,20,47,690.3
9,72,6,3,1,67,635.9
2,43,6,3,16,65,574.9
8,81,4,3,15,82,782.2
8,42,9,4,3,85,664.1
7,66,7,9,10,62,628.6
8,91,8,4,12,53,661.3
3,80,9,4,5,55,609.9
6,74,4,4,16,66,673.8
1,67,4,7,0,60,559
7,45,7,5,8,47,471.5
1,45,5,2,20,63,575.9
9,94,4,7,17,41,609.3
1,96,6,3,10,81,799.5
1,83,6,11,13,60,664.8
7,62,8,1,1,40,459.8
2,72,4,9,19,66,676
5,55,8,5,10,70,635.2
8,63,4,10,1,88,722
8,44,7,1,3,57,503.7
3,80,9,11,12,86,812.6
7,81,4,1,5,45,540.3
3,52,5,1,6,90,700.6
6,86,6,9,19,55,674.3
6,51,7,8,2,53,503.7
3,44,9,11,3,68,575
7,76,9,6,20,83,813.3
3,70,6,10,19,81,764.5
8,67,9,6,2,86,743.6
10,67,8,6,0,84,725.4
4,69,7,4,18,78,740.8
1,57,5,5,20,69,648.5
4,83,6,10,12,83,792.7
7,66,4,3,13,65,634.9
11,74,4,3,15,80,756.2
4,65,4,10,3,63,589.3
6,96,7,7,16,40,613.6
9,78,5,5,9,70,695.6
1,88,9,8,6,87,814.1
5,90,5,5,12,65,706.3
11,99,5,4,12,66,749.6
7,57,6,3,13,74,666.2
1,72,7,2,5,93,779.7
4,64,4,3,15,54,569.2
6,95,6,7,8,56,667
2,70,9,8,19,37,531.3
10,76,5,5,15,42,558
5,98,4,11,20,79,837.3
11,99,7,1,20,53,710.5
10,41,8,3,11,65,576.7
1,72,5,4,15,66,658.8
6,78,5,10,4,49,563.1
6,100,5,4,10,89,862.3
4,82,5,1,0,73,678.7
8,82,4,10,9,65,679.7
4,71,7,9,10,37,500.1
8,57,6,10,14,85,740.5
8,56,4,4,2,92,719.2
5,73,7,2,14,66,672.8
4,78,6,9,10,44,555.2
2,46,5,4,8,62,537
11,81,7,4,1,61,639.5
3,93,5,11,11,82,808.6
3,92,7,6,19,80,824.6
4,74,9,8,15,74,737.2
4,69,8,5,15,77,730.7
10,51,5,8,20,65,630.1
11,74,5,1,0,85,734.7
11,50,5,4,15,68,623.8
5,100,9,1,5,39,582.3
4,83,4,3,13,45,569.9
11,96,6,11,10,41,609.1
10,43,5,7,0,42,410.4
8,64,5,1,19,51,576.3
6,87,4,5,16,78,780
6,71,4,1,18,84,767
8,59,8,6,1,95,761.3
7,89,7,9,13,73,768.3
10,70,5,3,7,75,691.9
11,43,7,11,5,85,679.5
10,93,4,11,8,48,621
8,77,4,6,4,58,604.4
2,92,8,4,4,64,685.6
9,86,6,6,17,92,873.4
1,40,9,2,13,85,675.7
8,42,9,4,11,86,696.8
11,76,9,7,11,84,797.4
4,61,4,11,5,91,739.3
4,56,5,6,3,49,484.9
5,53,8,9,14,87,741.1
8,80,6,11,14,87,821.7
5,74,9,7,16,38,543.4
8,97,8,1,2,47,608.7
10,52,4,6,9,39,445.9
1,74,9,11,20,65,702.3
10,82,6,3,7,46,572.8
9,41,7,8,8,64,560.6
6,95,6,1,2,83,787.9
3,86,5,10,0,44,540
8,52,9,2,10,64,600
9,90,9,3,12,60,702
6,93,7,3,11,78,791.8
11,55,7,7,20,40,514.2
7,57,9,8,6,61,590.1
1,46,5,9,1,54,473.2
5,84,7,7,0,62,642.2
5,75,4,8,19,54,623.8
10,80,9,11,2,46,572.6
4,69,6,6,3,79,693.3
6,81,6,2,16,55,640.7
7,80,5,1,17,64,687
9,46,4,3,16,83,688.1
1,54,7,9,18,86,739.8
6,99,9,7,3,44,609.2
7,79,6,2,16,85,801.7
3,58,6,1,1,39,425.5
8,82,6,2,9,92,827.4
5,76,6,3,11,71,695.9
9,41,8,6,12,42,455.2
5,81,5,9,10,64,671.8
9,87,7,8,20,51,667.9
10,94,9,10,7,37,580.9
4,52,9,9,19,55,581.5
9,79,9,11,4,50,596.4
5,80,7,11,1,66,660.4
10,82,5,8,11,61,670.5
9,82,4,7,1,85,760.9
3,94,5,6,5,40,554.2
4,97,6,8,18,76,814.2
9,70,6,6,11,50,574
10,55,5,2,12,79,684.7
11,81,5,9,16,37,555.7
6,100,7,9,11,88,875
2,95,7,3,2,74,737.2
7,83,8,9,7,54,629.8
2,96,9,2,15,74,792
11,45,8,3,3,41,431.5
2,67,9,6,12,93,804.1
11,71,6,4,7,45,537.5
1,83,8,8,0,63,642.3
11,49,8,1,2,86,685.2
11,89,4,6,0,37,517.3
11,57,5,2,14,55,567.5
3,43,7,6,17,87,709.3
6,48,8,1,19,66,620
8,46,7,2,2,64,546
9,89,9,9,14,73,784.5
7,47,8,6,4,45,458.5
4,82,9,8,20,51,651.7
6,46,8,7,9,59,548.7
5,80,6,9,6,84,769.6
8,79,4,9,7,59,629.7
1,42,9,11,2,43,424.1
1,56,5,4,17,79,689.1
11,41,5,7,16,63,576.3
6,54,6,5,15,49,526.9
10,85,6,7,12,53,642.1
2,68,5,4,3,49,514.5
5,89,9,10,2,73,736.9
1,87,5,11,10,69,711.7
7,91,4,11,1,90,816.2
1,61,8,1,17,74,686.2
4,43,4,4,3,47,428.1
9,96,5,10,16,50,669.4
1,91,8,3,5,37,534.3
4,45,5,9,9,87,684.9
6,77,4,5,10,65,658.1
6,65,4,4,4,89,732.5
8,50,9,8,17,35,465.5
1,65,9,5,9,69,652.7
7,56,4,3,8,50,505.4
1,63,8,2,15,35,472.1
7,67,9,8,9,84,756.8
3,74,9,2,9,48,564.6
11,70,7,8,3,41,508.1
8,52,7,5,20,57,590.3
3,93,9,8,13,69,757.9
1,74,5,5,7,63,622.3
8,55,8,1,0,56,525.4
3,54,6,11,15,50,533.6
2,82,9,11,16,63,703.7
1,57,7,2,9,40,456.8
3,86,8,6,5,52,609.4
2,76,8,3,6,63,637.7
2,87,7,8,17,59,687.7
6,87,8,5,1,79,752.1
1,88,8,3,20,90,867.8
2,80,7,10,8,36,512
6,66,4,7,4,78,678.6
3,94,9,8,7,66,724
4,74,5,4,4,70,655.4
1,91,6,11,14,66,725.2
8,84,5,9,7,75,737.1
7,93,4,6,4,54,628.4
7,74,4,1,4,89,757.9
3,67,8,5,19,71,703.3
10,78,5,5,16,76,754.4
10,100,4,7,8,72,769.2
3,77,5,7,1,67,639.3
2,48,4,6,0,86,645.8
1,51,6,8,20,39,473.5
7,54,4,2,10,40,450
7,60,5,7,14,56,580
2,91,8,10,0,55,626.7
7,74,5,7,6,53,578.3
8,81,7,4,18,77,779.3
1,72,5,10,14,49,569.1
9,90,6,2,5,68,707.8
7,58,9,4,19,81,742.5
3,94,6,4,9,41,575.3
8,62,6,6,11,51,553.5
7,52,4,7,12,78,665.8
11,83,6,3,14,78,777.6
8,40,5,10,18,39,445.7
6,90,9,1,16,86,850.2
9,68,8,3,12,73,703.1
5,63,6,9,1,36,437.6
3,55,5,1,17,61,587.5
3,64,4,8,10,79,693.7
1,94,4,2,4,58,636.6
8,62,8,6,3,75,667.1
2,67,8,3,1,95,769.7
3,86,5,7,15,81,790.9
8,55,8,2,6,62,580
8,82,8,4,7,92,831.8
11,95,4,10,7,81,805.9
4,77,5,9,1,35,467.7
4,50,9,6,14,87,730.9
5,42,8,4,4,86,662.6
6,54,5,2,18,55,562.1
5,40,6,10,9,91,699.5
7,46,4,9,8,62,548.6
2,40,9,4,19,37,436.5
7,88,4,9,7,64,682.2
10,71,4,2,4,35,459.1
7,48,7,7,18,93,769.9
1,68,5,11,12,85,749.5
7,65,6,11,13,86,765.8
5,62,8,5,7,79,695.5
3,84,6,8,15,81,790.5
3,82,5,11,4,79,735.3
4,68,4,8,0,52,525.2
2,91,7,4,18,83,830.3
2,77,5,4,18,67,691.5
1,72,9,8,16,49,591.1
5,46,9,3,20,58,578.2
4,51,5,7,9,70,607
11,70,8,8,4,94,807.4
10,71,6,8,6,68,663.4
2,93,6,11,15,60,703.6
3,59,8,10,2,85,704.5
7,94,7,4,11,74,776
7,90,4,9,13,56,664.6
4,56,4,10,19,50,545.2
5,75,9,4,0,74,686.4
5,42,7,8,6,76,614.8
6,40,8,6,17,50,507.2
9,89,5,5,3,39,537.7
2,66,6,4,15,85,751.7
5,92,5,5,10,40,568
3,86,6,11,17,76,779.4
4,79,5,1,15,58,638.2
10,72,8,7,6,64,652
6,59,8,8,20,71,692.3
8,53,7,9,2,66,586.4
1,75,5,3,4,87,744.7
10,44,5,9,17,53,534.1
8,62,7,10,16,85,766.7
11,84,7,5,0,79,745.3
7,99,8,10,15,62,750.2
1,95,8,6,14,81,822.5
2,54,9,1,12,42,478.6
3,45,5,9,6,77,617.7
1,72,8,9,2,35,463.3
9,94,8,6,12,38,592.2
8,58,5,8,15,91,773.1
2,52,7,4,0,56,503.6
9,68,5,5,0,56,558
7,100,4,5,15,64,740.6
9,45,5,7,1,92,692.8
6,54,4,7,17,61,593.3
6,55,5,7,20,61,610.9
11,63,4,5,17,47,550.9
4,62,4,4,4,73,631.5
10,87,5,8,4,61,661.7
10,49,9,1,7,73,633.1
2,93,8,1,8,72,742.6
7,80,6,6,13,91,832.3
5,80,8,2,12,42,559.4
11,88,4,3,17,46,618
6,56,5,4,3,58,536
2,88,5,2,17,52,636.2
5,95,5,10,19,89,883.1
10,83,5,7,14,49,616.5
4,84,9,10,6,94,849
9,69,6,1,12,50,568.4
6,83,7,3,1,67,667.3
2,85,4,2,8,44,548.2
1,49,6,9,4,81,645.3
5,94,8,8,0,58,655.8
9,58,7,3,18,79,722.1
6,68,7,5,19,53,608.9
10,41,5,3,18,61,565.3
7,75,6,11,12,79,753.9
5,58,8,11,5,75,661.9
10,46,5,11,9,65,581.3
6,65,5,6,10,55,572.7
5,54,9,5,15,50,543.6
11,86,4,11,0,57,624.3
9,95,7,2,18,48,661.4
6,77,8,10,4,57,617.3
11,42,7,8,5,75,617.9
8,77,6,6,5,52,583.6
2,55,4,3,4,70,588.8
9,41,5,1,5,46,434.2
5,70,4,5,12,90,779.4
7,67,5,11,0,71,640.7
10,46,4,2,0,45,425.5
1,69,5,2,13,39,492.1
10,82,7,9,7,85,798.9
5,97,7,11,8,55,674.7
10,46,7,10,9,66,594.4
2,75,7,7,5,63,631.7
6,68,4,6,8,41,493.5
11,63,5,1,17,70,677
1,91,7,10,14,74,772.4
3,78,4,2,3,61,605.7
5,43,5,11,1,40,397.6
4,68,4,7,5,72,651
3,83,9,3,16,88,836.6
10,44,7,2,6,38,414.6
5,94,6,6,19,80,830.2
11,68,4,8,14,69,680.3
8,69,7,8,20,44,573.4
11,68,8,11,1,88,761.8
4,65,5,2,20,72,691.4
1,58,9,6,11,84,722.2
11,65,7,5,9,64,636.4
7,76,8,7,16,76,758
8,66,4,4,17,43,530.7
3,69,4,2,15,50,559
6,90,8,10,9,86,832.8
2,92,9,3,7,38,556
7,69,8,9,20,60,665
8,42,5,10,12,63,563.3
6,98,4,8,15,62,725.2
6,97,8,9,7,45,620.3
5,82,6,5,11,62,666.8
8,46,6,5,16,78,669.8
1,100,8,7,15,66,759.6
10,88,5,7,8,58,660.6
4,96,4,1,18,85,843.5
4,48,6,5,16,76,656.8
3,92,8,8,7,73,752.1
3,80,8,7,11,41,552.5
4,81,7,11,8,52,608.2
11,52,8,2,5,37,436.1
1,54,5,8,9,78,655.2
11,93,6,2,8,80,797
11,44,7,10,3,54,504
2,68,6,1,10,68,643.6
9,74,6,11,20,64,699.6
10,66,5,11,5,43,506.7
2,66,8,11,17,44,550.2
5,47,5,3,3,93,698.3
9,71,8,3,11,40,527.2
9,59,7,6,8,51,540.7
8,49,5,3,14,49,505.7
1,52,5,7,8,67,584.1
1,68,9,8,5,90,767.2
9,74,4,3,10,93,806.7
11,100,5,9,6,88,859.2
8,93,9,1,13,47,638.5
10,47,4,3,15,76,651.2
9,68,8,3,14,78,737.4
7,70,8,7,19,89,821.7
3,80,8,11,8,56,629.6
3,69,9,11,18,50,602
2,61,9,5,11,68,644
5,60,4,4,10,37,449.9
3,51,8,2,7,42,451.4
6,50,6,7,2,54,500.6
2,41,5,3,18,95,736.3
3,89,9,7,2,81,773.3
5,80,9,10,2,58,627.4
11,41,9,7,5,85,677.5
11,73,4,11,10,52,591.8
1,42,8,2,19,57,543.7
1,55,6,7,13,35,438.5
10,90,5,6,1,93,834.1
9,43,5,10,11,85,685.9
7,62,8,4,15,36,489
1,96,6,11,2,39,550.9
8,89,4,5,20,52,660.6
3,59,9,8,15,50,558.2
8,64,9,5,9,44,526.2
5,69,8,3,19,87,798.9
1,57,5,2,4,63,557.5
7,81,9,6,12,69,724.1
5,50,5,6,11,59,551.1
6,68,5,7,0,76,664.4
6,56,8,8,19,91,789.9
8,65,7,4,10,58,599.6
9,95,7,8,18,47,663.1
2,96,7,1,14,55,674.1
9,62,6,6,17,76,713.4
11,95,8,6,15,77,823.9
10,91,5,3,6,73,740.5
9,87,9,9,9,68,734
10,59,6,5,15,53,571.9
10,84,7,1,16,62,699.4
7,41,4,7,6,61,518.9
1,63,6,10,10,84,725.4
7,70,6,3,16,60,638.4
10,66,8,10,4,45,526.3
5,41,9,10,0,83,641.1
6,96,6,11,2,69,725.9
10,53,9,4,15,54,571.4
7,43,8,6,14,46,486
5,88,4,8,3,91,811.9
7,52,5,4,11,62,575.2
9,75,5,9,0,36,473.8
3,74,7,8,16,91,823.3
8,83,7,10,14,35,547.9
2,93,4,10,19,43,613.7
11,94,5,6,19,56,705.8
7,47,7,7,9,90,719.8
2,41,9,8,10,85,677.7
4,45,6,2,17,74,636.6
7,70,8,5,1,61,604.1
3,93,7,7,5,43,577.7
2,49,4,8,15,41,454.7
11,83,5,5,6,70,704.4
10,60,4,3,18,88,766.4
7,81,8,6,11,82,787.8
1,49,8,5,17,72,644
8,62,4,8,9,84,721.8
3,42,7,9,6,36,392
2,71,7,9,3,77,692.3
3,59,5,6,16,39,481.1
5,49,9,4,16,51,536.3
11,68,5,4,3,71,653.5
8,80,6,9,20,92,867.2
10,91,9,4,4,69,730.5
7,90,6,8,0,85,787.5
7,85,5,9,18,42,594
7,73,9,5,10,77,736.1
8,76,9,6,0,37,494.3
1,59,6,3,7,37,436.3
4,100,4,5,3,35,534.3
6,100,7,5,14,58,715.4
9,47,9,2,16,79,689.9
2,46,9,10,17,64,603.4
1,45,6,6,2,76,595.4
10,50,9,9,17,60,608.2
2,83,6,11,6,72,709
7,57,4,7,16,77,688.9
3,90,9,8,17,74,790
10,81,8,2,19,85,832.7
2,96,5,11,7,77,774.5
11,68,4,9,10,72,684.4
7,64,8,3,2,78,680.6
2,60,4,10,6,84,696
3,85,7,5,14,37,548.9
11,42,4,7,9,47,463.1
7,57,4,4,11,70,629.8
4,63,7,7,11,75,686.1
1,86,9,8,18,82,821.4
5,77,5,10,18,46,589.2
9,49,8,10,14,54,556.8
8,66,6,4,20,73,714.7
9,51,5,5,20,78,696
10,46,4,11,4,42,433.4
9,56,6,3,12,87,735.3
7,40,7,5,8,81,643.5
4,97,5,8,9,36,559.2
5,89,9,3,7,45,591.5
1,65,8,5,8,90,760.4
1,54,5,10,5,55,517.5
3,90,5,1,17,71,747.5
8,99,9,2,9,89,875.1
2,72,6,3,14,40,517.6
4,76,7,1,12,53,600.3
2,86,9,11,10,64,700.8
5,70,7,11,1,80,707.4
9,74,9,9,7,73,715.7
1,40,5,9,17,78,641.6
5,47,7,5,2,83,651.1
9,51,6,4,2,70,594
1,98,6,5,20,54,693.4
9,93,8,4,6,88,841.4
8,96,7,5,17,88,882.6
4,58,8,7,20,44,535.6
11,64,9,11,20,58,653.8
10,96,4,8,8,94,879.4
5,71,6,2,17,67,678.1
5,51,5,4,0,63,536.3
11,52,6,8,3,89,713.7
6,67,4,7,3,64,601.2
7,40,5,9,16,70,606.2
8,90,7,5,1,79,760.7
8,45,7,6,14,40,456.6
11,47,6,11,12,92,749.4
2,43,5,8,8,81,637.3
9,44,9,11,6,48,487.2
7,64,5,5,11,91,771.9
4,61,8,9,11,37,477.9
4,67,4,4,13,58,594.6
11,78,7,8,14,53,635.5
8,62,6,3,0,72,628
4,43,5,5,8,68,566.2
6,91,7,8,15,43,612.9
5,43,6,10,8,64,556.6
3,86,7,7,15,66,717.2
10,98,6,1,1,47,603.5
11,60,7,4,9,52,554.2
2,76,9,2,17,78,760.8
9,95,8,2,12,87,859.9
10,80,4,7,1,56,597.4
9,41,7,3,12,38,425.2
1,98,4,3,2,94,841
10,46,7,6,14,57,557.1
3,88,5,6,2,95,828.5
8,55,8,1,9,41,473.5
6,56,9,1,5,78,666.8
5,59,8,11,13,89,769.1
5,97,4,6,8,45,600.5
6,62,5,7,17,73,687.7
7,73,6,9,7,95,816.5
1,50,8,4,5,92,715
9,73,9,10,14,93,847.7
3,72,5,6,13,76,713.4
4,65,5,3,14,75,688.7
10,41,4,11,19,68,612.4
1,100,9,4,5,39,577.9
11,62,5,9,11,76,696.2
10,80,5,1,9,59,638.3
3,61,6,5,18,62,623.6
2,97,4,11,7,95,872.1
2,73,4,7,4,48,526.6
1,99,9,3,9,61,708.3
8,54,5,2,10,50,511.4
3,49,6,11,19,61,592.7
3,54,7,2,13,36,443.4
6,81,8,1,13,53,627.1
8,68,4,5,1,57,560.5
9,96,6,3,16,75,802.9
9,62,9,11,14,48,568.4
4,98,6,7,2,81,789.1
5,56,5,1,2,85,675.5
2,99,8,9,2,60,683.8
11,48,4,2,2,42,423.8
9,89,7,8,17,61,718.7
8,75,5,10,5,81,737.5
3,48,4,4,13,74,623.6
11,55,9,6,2,62,581.6
9,75,4,9,0,38,480.4
3,87,6,7,9,93,843.9
9,90,8,8,12,95,896.1
2,72,7,7,8,72,682.4
10,94,8,2,1,45,590.5
9,70,6,9,9,78,724.8
8,45,7,1,11,58,539.4
9,49,7,2,18,62,600.4
5,55,5,3,2,75,619.9
11,43,7,3,18,52,532.6
11,93,4,10,0,83,787.1
2,61,8,4,14,55,577.1
8,52,9,5,12,60,588.4
6,55,9,6,6,37,447.7
8,91,8,1,1,93,840.3
11,68,5,8,19,47,580.7
5,45,7,6,10,72,613
10,65,6,10,15,62,645.4
2,50,4,9,13,48,490.6
6,63,5,5,14,93,788.1
5,68,7,7,19,35,510.3
5,42,9,11,18,62,591
1,91,6,4,6,93,838.1
2,49,7,6,8,70,601.2
8,100,5,6,3,88,839.4
3,99,6,4,5,84,813.2
10,40,6,6,9,45,451.7
3,91,6,8,2,77,745.3
8,82,6,11,20,74,776.6
8,65,7,5,0,38,456.8
2,97,6,2,5,68,714.8
8,51,7,9,4,35,416.7
11,53,6,11,14,90,763.2
1,64,6,4,10,44,501.2
6,47,5,4,19,51,524.9
8,82,7,11,12,41,572.3
3,43,9,7,5,73,601.5
8,67,7,10,4,47,531.9
1,46,8,10,1,56,498.6
11,49,9,6,16,90,765.2
11,90,5,4,11,92,862.2
9,96,7,6,11,35,573.9
11,97,5,3,13,62,723.8
9,75,9,7,6,67,679.9
5,41,5,6,13,47,464.9
10,65,5,3,6,35,453.5
4,92,4,1,8,72,726
11,89,7,10,13,89,865.5
6,53,5,5,20,92,773
7,97,4,10,16,59,713.5
5,55,4,2,16,76,667.4
11,93,6,7,20,55,706.3
10,82,6,7,12,67,710.1
9,81,9,4,17,91,863.7
3,56,7,6,18,71,663.7
7,85,6,1,16,88,835
10,61,9,2,5,91,762.5
10,43,7,6,11,68,598.4
11,58,9,2,5,37,458.5
5,41,4,11,2,64,522.6
7,78,4,4,14,89,807.5
2,48,7,4,2,37,393.9
4,99,9,10,14,52,690.2
2,58,9,9,0,57,541.9
7,55,6,10,20,42,516.4
2,93,6,7,2,43,561.1
11,64,7,7,4,36,464.8
1,87,8,11,13,95,878.1
9,57,6,1,3,36,424.8
1,62,5,11,8,61,585.9
8,92,6,5,17,82,833.2
2,60,8,3,9,73,654.9
8,50,9,3,7,70,618
3,78,4,6,12,39,520.1
6,80,4,4,1,35,470.3
3,43,9,8,19,56,556.8
7,64,4,4,19,44,535
10,71,6,8,6,79,723.9
9,69,4,4,10,58,600.4
2,84,8,3,4,93,819.9
5,98,8,5,17,49,672.5
6,65,6,5,7,67,631.7
4,96,9,10,9,84,840.2
4,100,5,10,1,57,658.9
4,75,6,1,2,48,531.4
2,90,4,8,4,52,600.8
4,73,6,8,15,59,638.5
11,48,8,8,9,56,549.4
1,51,6,10,10,78,656.4
6,41,6,4,18,78,656.4
1,77,5,9,15,71,707.3
10,44,8,10,11,41,462.1
6,44,7,3,1,60,511.8
1,91,7,7,10,58,667.2
6,61,8,6,0,47,495.9
10,44,7,9,4,75,619.7
8,98,4,4,20,40,620.4
11,43,7,4,13,55,533.3
2,100,4,6,17,41,612.1
2,48,8,8,6,52,499.2
4,68,7,3,4,49,529.5
11,61,7,11,7,42,503.8
3,66,9,8,20,94,838.2
4,49,4,8,14,86,702.8
7,55,4,7,4,50,493.6
11,81,6,7,12,83,797.1
1,100,5,5,18,37,594.7
6,81,7,2,1,79,726.1
3,100,9,2,4,43,598.1
11,90,5,10,4,86,812.6
10,49,9,8,5,81,678.7
7,45,5,11,15,60,565.2
10,88,7,6,1,60,655.4
2,44,9,8,4,64,550.8
2,97,4,3,14,61,699.3
4,45,6,1,0,50,445.6
1,98,9,6,18,82,855
3,95,8,2,2,85,802.9
9,98,7,9,18,38,623.8
7,86,7,5,14,85,823.9
7,64,8,5,2,53,545.5
11,98,5,10,7,68,747.8
4,90,6,8,14,40,581.6
2,89,5,6,0,79,734.7
4,100,8,3,5,49,633.3
6,43,8,9,16,44,483.4
11,79,6,10,15,88,832.4
11,98,8,4,12,76,814.8
3,87,8,10,0,70,699.2
1,71,9,4,2,80,706.2
8,95,6,2,5,74,753.8
5,90,7,3,19,40,599
5,91,5,4,20,78,806.8
11,74,7,7,2,74,697
4,49,7,3,14,40,457
6,73,9,8,14,49,597.3
3,75,5,8,10,63,643.1
9,45,7,10,5,59,537.3
5,82,6,11,5,53,604.1
3,85,5,2,8,48,576.6
11,55,4,4,13,37,457.1
1,98,9,8,10,84,841.2
10,92,7,1,5,76,763
6,58,8,1,17,80,720.2
2,73,5,4,19,48,578.4
3,64,4,11,14,88,760.4
1,70,8,2,8,73,678.3
9,88,4,1,10,73,736.3
8,80,7,8,1,55,602.3
2,56,8,2,5,88,710.6
11,86,7,4,13,89,849.3
8,69,8,3,13,45,553.5
9,78,5,2,12,84,779.2
1,93,6,8,4,44,572.6
5,94,6,3,8,49,618.7
8,70,4,9,10,64,640.4
11,58,9,10,6,78,697
2,74,8,5,1,89,760.1
4,68,7,9,11,51,571.5
7,98,9,3,4,88,848.8
3,40,5,5,1,90,652.4
5,43,5,10,13,63,563.7
8,67,5,6,6,51,547.1
10,57,6,9,4,67,610.3
3,65,7,8,3,72,647.6
4,79,5,2,9,55,602.5
9,58,5,2,15,81,712.9
7,94,4,5,5,85,804.1
1,94,8,5,20,48,657.2
4,99,8,5,5,44,605.2
4,96,8,4,8,95,885.7
9,45,9,8,0,76,620.2
6,40,4,11,15,57,527.3
9,47,6,5,16,73,647.3
6,72,9,1,12,73,711.1
6,90,4,10,5,48,592.6
5,82,5,5,1,81,732.9
5,60,7,1,7,56,553.8
2,63,9,4,3,86,720.6
8,64,9,1,8,75,688.5
8,86,5,6,6,62,664.6
11,94,5,6,20,81,846.7
1,96,7,1,0,43,558.5
8,82,8,8,13,57,664.5
5,58,9,4,1,41,457.3
2,68,4,2,7,58,570.8
2,92,6,1,10,77,765.1
6,49,5,11,4,71,598.3
11,95,5,3,17,93,901.9
9,51,6,7,11,43,479.7
1,72,4,10,20,72,711.6
6,95,5,11,19,41,622.3
9,46,6,10,18,94,772.6
8,56,5,8,4,57,542.7
11,100,8,5,6,59,708.1
6,100,8,7,1,89,848.5
3,97,5,2,16,80,815.8
8,99,5,4,12,85,848.1
9,49,8,6,10,56,549.4
1,70,5,5,4,88,737.6
9,99,4,6,12,77,804.1
6,45,4,2,12,94,724.8
6,56,7,7,7,41,468.5
4,89,4,8,10,40,556.2
1,76,9,11,7,70,691.6
10,57,9,9,9,80,712
8,65,9,6,10,56,599.8
2,88,5,7,0,69,677.9
1,93,5,1,6,83,781.1
2,55,6,9,7,81,675.5
1,47,9,6,5,67,575.3
1,63,9,4,13,55,582.1
9,52,4,10,19,45,515.7
1,68,8,9,6,47,530.9
4,71,8,1,2,90,759.2
10,63,7,2,1,37,449.1
6,55,6,3,17,47,523.3
7,50,8,1,2,84,669.2
2,71,7,2,13,90,789.4
6,45,4,2,17,75,637.3
7,98,6,7,12,91,884.1
10,74,6,10,7,68,678.2
10,72,9,6,3,62,634
2,57,5,9,14,74,662.4
2,76,9,5,11,68,689
10,52,4,9,13,66,611.6
7,49,9,10,19,57,590.7
1,76,6,9,6,58,606.6
8,65,9,2,11,35,482.9
11,85,7,9,8,58,664.8
3,56,9,3,9,37,451.3
11,40,8,11,7,95,736.7
6,64,4,3,19,51,570.3
9,73,4,11,1,41,496.7
6,78,6,9,15,44,576.2
9,49,9,7,20,53,572.5
7,59,6,11,17,58,607.4
9,46,6,8,19,43,493.1
2,95,7,7,9,84,820.8
8,55,5,9,5,49,500.3
8,76,6,8,5,83,753.5
2,68,5,4,19,90,794.4
4,99,5,2,12,92,876.2
11,51,4,11,18,56,575
7,56,8,5,16,92,783.6
11,87,8,2,1,51,604.5
4,59,9,4,17,53,578.7
4,65,7,2,6,43,493.1
6,87,7,5,13,91,854.5
10,58,8,6,14,72,680
6,97,9,11,7,53,671.1
10,86,8,1,8,42,572.6
3,51,9,8,20,40,496.2
9,60,9,2,10,83,730.5
10,81,9,5,2,72,711.4
11,100,9,11,19,79,873.9
2,97,4,8,13,55,668.9
6,100,4,5,7,90,854.4
7,93,8,3,2,63,685.1
9,73,9,6,17,68,715.6
3,46,6,1,13,46,468.8
10,84,9,1,19,73,778.9
3,74,6,8,7,66,650.8
7,54,4,7,16,40,476.4
4,40,9,10,7,51,483.9
8,65,5,10,4,66,621.6
7,74,8,11,11,94,838.8
5,64,9,11,1,42,489.2
7,81,7,3,16,72,741.8
3,98,6,8,12,63,723.3
2,98,9,11,13,65,752.5
6,54,5,8,8,53,524.3
2,61,6,1,8,87,720.3
3,98,5,10,8,89,850.7
6,45,8,7,19,43,491.7
5,91,8,2,5,86,810.6
8,54,8,2,11,62,594
9,63,4,2,9,82,708.6
11,60,5,5,4,84,705.6
3,46,9,7,17,85,717.3
10,96,7,4,6,73,765.5
3,100,7,11,12,74,797.8
3,68,8,4,0,87,728.5
6,71,7,9,5,65,641.1
1,71,6,10,20,53,612.9
7,92,5,9,20,67,759.3
1,98,5,7,7,60,680.2
5,44,5,10,8,79,637.7
10,43,6,4,6,35,393.1
8,61,9,8,9,45,526.3
4,57,4,10,7,36,430.4
5,74,6,3,1,87,743.9
4,56,5,3,17,69,638.9
4,89,5,7,14,47,611.5
8,89,5,11,5,73,736.7
2,95,9,9,13,68,757.6
1,63,7,11,17,68,666.8
3,41,4,4,2,69,537.7
9,52,6,4,0,66,568.2
4,93,5,1,0,79,744.7
10,54,8,1,13,46,515.6
5,44,4,3,0,67,531.7
2,42,8,7,0,52,459.6
4,76,4,9,3,39,489.1
2,76,5,4,11,53,587.7
2,76,4,2,14,65,657.1
4,42,4,6,3,61,504.5
6,74,5,6,9,76,711.8
7,91,9,9,10,72,767.4
10,62,8,4,5,84,725
3,99,9,8,9,49,652.3
3,67,8,3,11,80,723.2
10,99,7,2,2,90,852
6,69,8,9,14,82,763.6
3,57,8,6,15,38,479.4
2,97,4,11,9,53,647.9
8,91,7,8,10,55,665.9
5,75,5,11,15,74,728.2
1,72,5,10,16,91,806.9
3,65,6,9,13,35,474.9
10,87,7,1,15,54,661
8,79,4,1,13,56,624
4,56,6,11,5,88,716.6
7,79,6,5,9,47,572.5
10,46,5,9,16,75,657.7
2,96,8,7,9,35,558.7
7,47,4,7,20,49,518.5
5,92,7,2,9,95,872.3
5,95,6,3,13,49,638.7
6,70,4,4,19,48,573
9,98,5,2,16,39,605.3
6,97,6,10,8,92,874.6
8,51,6,9,14,83,710.3
7,87,9,5,6,40,561
9,70,5,7,1,75,674.3
4,83,9,11,3,65,677.5
2,58,5,9,19,86,748.4
7,49,5,5,17,60,576.8
6,78,9,6,10,92,832.8
1,51,4,4,4,59,515.5
11,59,4,8,7,85,717.5
9,76,4,1,19,93,840.9
9,87,8,1,4,89,818.5
2,80,6,5,1,87,758.3
3,46,4,10,4,92,693.2
5,91,8,9,2,83,792.3
5,93,6,2,11,73,756.7
1,97,4,11,18,74,792
8,53,5,3,6,49,490.5
8,50,7,8,18,40,487.6
4,46,4,5,3,35,372.3
7,68,7,3,13,75,709.1
11,49,4,6,18,41,480.5
10,68,5,6,17,88,795
3,48,7,5,6,86,680.2
6,75,8,5,14,85,793.3
10,87,5,6,20,38,587.2
10,49,7,2,0,35,392.7
9,58,7,6,11,75,679.9
1,95,9,2,18,36,588.2
5,70,9,3,5,82,731.2
4,56,5,2,12,68,615.2
8,48,5,1,5,69,579.7
11,84,5,1,12,80,778
1,72,6,9,14,47,561.3
9,73,8,4,15,51,608.5
6,84,4,5,7,44,553.4
4,63,9,10,12,37,492.9
9,48,7,7,12,38,451
11,46,9,2,19,59,591.1
5,55,4,11,19,71,660.9
5,58,5,10,11,77,678.9
5,78,9,9,18,72,751.6
1,45,8,4,16,63,577.9
1,89,8,10,2,35,515.5
8,90,6,10,14,85,839.5
8,50,9,1,16,64,613.2
6,100,5,8,5,73,762.1
11,51,7,4,18,89,761.3
4,100,6,7,11,44,622.2
2,97,5,3,3,63,677.3
2,81,6,11,20,78,783.6
9,52,9,9,11,66,624.8
5,51,4,5,1,78,619
4,60,9,5,6,95,776.5
10,49,5,3,15,35,436.1
1,59,7,11,11,75,672.9
7,89,7,9,15,51,654.1
3,75,5,3,13,89,790.3
6,67,6,2,0,46,494.8
5,63,8,11,8,94,791.6
5,44,5,9,6,36,393.2
11,76,9,9,4,43,550.5
5,100,7,10,9,46,636.4
1,99,4,4,9,94,869
1,51,7,4,17,59,572.9
3,97,8,11,6,91,866.3
10,74,7,10,17,70,727.6
4,100,8,6,12,88,875.2
5,79,5,9,10,95,836.3
2,93,7,8,9,78,783
8,41,6,10,8,84,666.6
11,89,9,3,14,69,759.3
11,80,6,6,13,56,647.8
2,84,9,7,2,67,679.3
9,78,7,6,13,89,823.7
2,81,7,3,20,84,811.4
9,48,9,9,15,90,758.4
7,61,4,4,2,55,528.7
8,86,7,2,7,89,820.5
11,44,4,9,1,74,592.8
2,51,4,3,1,85,649.1
7,40,9,6,17,56,546.6
6,83,4,5,6,62,646
4,61,4,2,16,91,765.9
7,77,5,1,5,38,494.2
4,90,6,9,9,60,675.8
2,58,4,3,6,57,533.1
10,55,6,7,3,82,681
7,70,4,9,10,83,742.9
8,90,6,9,15,94,891.2
2,42,7,10,16,57,540.7
5,62,7,6,5,75,663.5
1,81,6,8,19,92,851.6
7,98,4,9,18,42,628.6
8,57,5,3,19,86,750.2
6,65,6,6,20,66,671.6
5,52,8,5,17,85,732.5
6,97,5,7,14,73,782.5
2,57,8,7,1,95,744.5
1,42,6,9,18,78,655.4
7,97,4,1,5,35,533.3
7,99,8,6,11,90,885.8
10,62,6,5,0,64,590.4
11,42,5,4,10,62,549.8
10,94,4,10,18,51,673.3
2,64,8,11,3,57,568.1
2,66,6,1,20,72,693.6
1,97,4,4,18,92,882.6
10,83,4,10,20,58,685.6
8,66,7,11,5,56,583
8,91,4,7,7,39,553.3
1,78,6,4,8,59,618.9
11,64,5,1,9,86,740.8
8,63,9,10,9,41,512.7
9,47,7,1,9,88,705.6
4,48,6,1,3,92,695.8
1,85,6,11,17,56,662.4
1,76,6,10,11,93,817.3
3,69,8,5,10,78,717.2
5,92,8,7,15,71,771.1
5,58,5,9,18,68,652
9,92,6,8,10,70,749
10,55,8,2,3,83,689.3
2,63,8,9,11,91,776.9
2,83,8,4,16,91,847.9
6,60,5,10,12,74,673.8
9,75,5,11,3,54,585.4
1,79,6,5,5,71,678.9
9,78,7,11,6,51,596.9
9,86,6,5,7,86,805.2
9,45,8,4,1,38,405.4
5,44,9,6,8,87,694.5
9,53,8,1,9,84,706
11,92,4,2,18,52,665.2
4,84,9,4,0,62,645.4
2,81,9,4,15,84,804.4
6,89,6,8,17,50,647.8
4,100,8,9,7,77,801.3
6,43,8,4,9,42,442.6
3,47,7,6,10,95,741.5
6,63,4,4,16,78,706.8
2,50,6,4,6,52,491.6
2,56,5,11,2,88,698
9,89,6,9,6,84,804.6
7,60,9,4,5,63,601.9
3,96,6,6,2,74,741.4
11,65,7,9,7,50,557.4
1,82,6,3,0,64,630
8,87,7,7,4,83,786.3
6,83,9,7,18,68,744.2
7,84,7,1,12,64,690.8
9,66,8,11,10,55,600.9
5,55,5,2,10,56,541.4
1,94,9,5,1,81,778.5
10,65,7,8,8,59,607.1
7,92,4,6,1,56,626.2
5,72,9,7,20,90,837
3,70,4,3,18,62,639.4
9,87,5,6,11,73,747.1
1,86,7,9,8,67,697.3
1,45,9,3,8,36,405.4
1,83,9,6,9,38,537.4
3,47,5,7,4,50,466
6,46,8,5,8,46,471.4
10,73,4,10,17,51,606.9
11,83,9,8,9,90,845.8
3,92,6,8,16,70,757.4
8,53,4,6,9,50,505.4
10,55,7,7,13,73,669.9
2,82,5,3,3,57,599.3
9,91,4,7,9,42,578.6
3,48,6,7,17,91,743.1
5,49,6,4,4,43,438.3
10,56,5,10,8,48,513.2
8,51,5,4,5,89,702.3
2,45,4,3,15,43,447.7
6,58,7,10,15,81,725.3
5,82,8,7,10,87,812.1
10,80,6,5,20,60,690.4
9,92,5,3,14,70,752.2
5,68,8,6,18,37,521.1
2,45,8,6,2,88,672.2
5,98,8,6,15,44,639.4
4,64,7,2,20,93,812.7
11,96,5,11,19,59,734.3
7,63,6,10,4,38,464
6,64,5,7,8,64,613.6
2,55,4,7,4,84,670.6
11,91,6,10,3,45,591.1
11,55,5,4,12,85,722.1
5,45,6,11,19,53,540.7
7,76,4,6,16,84,783.2
11,60,9,4,19,47,569.5
7,43,6,4,11,91,712.1
5,73,9,6,19,70,725.4
9,67,8,9,19,37,533.1
4,77,7,7,6,82,749.6
11,80,4,2,0,48,546
3,67,6,6,15,44,533.6
4,56,4,5,6,72,616
5,53,8,6,1,74,621.8
6,46,9,8,11,61,572.1
3,61,7,8,10,58,582.4
2,90,4,3,7,50,594
4,40,9,9,0,44,420.4
5,68,8,6,2,88,747.2
4,91,8,7,7,87,826.9
11,70,8,9,7,61,637.3
3,69,9,7,10,41,520.5
8,96,6,10,20,85,877.9
10,54,5,9,4,62,569.4
4,57,4,1,7,60,551.6
2,74,5,1,20,52,603.2
2,89,8,3,8,47,595.5
1,69,5,9,16,42,527.2
4,73,9,1,4,61,616.9
10,81,8,1,18,94,877.6
9,50,8,5,18,48,534.4
11,66,7,8,1,75,676.3
7,63,7,2,18,78,726.4
10,74,9,4,14,40,554
7,78,9,6,7,54,615.6
7,47,5,1,7,88,686
8,90,4,4,0,62,649.4
1,57,5,4,13,57,557.5
10,52,9,9,10,46,513.4
10,84,4,9,6,58,639.8
8,63,5,6,17,85,759.5
4,90,6,8,14,78,790.6
4,62,6,10,9,56,571
4,51,4,4,3,60,523.6
6,88,7,10,20,56,694.8
7,69,4,8,0,92,754.2
6,70,5,3,13,41,517.3
1,67,8,2,19,49,574.7
8,61,6,6,19,82,748.2
10,83,8,5,8,64,689.4
11,67,6,8,12,38,508.8
7,52,5,1,16,40,467.6
6,64,6,11,19,82,759.2
6,83,4,10,3,81,746.3
5,90,8,3,4,36,530.4
6,85,9,7,17,65,730.3
9,46,8,10,16,58,576.6
10,84,5,4,20,69,746.3
9,45,9,10,6,81,670.5
10,63,8,5,9,65,638.3
8,58,5,8,8,59,573.3
10,58,7,1,12,42,497.8
9,75,4,1,17,46,572.6
10,90,6,7,11,88,846.2
8,48,6,9,7,92,727
8,87,6,4,17,36,564
1,98,7,8,4,49,619.5
10,75,4,10,6,74,702
11,77,8,7,14,93,855.7
5,79,8,2,2,66,654.4
4,98,4,5,17,88,867.4
2,68,9,9,5,45,522.9
8,63,4,9,5,51,530.9
3,87,6,3,19,88,845.6
4,44,8,11,0,95,710.9
7,92,4,3,20,55,681.7
10,93,8,2,16,56,699
9,81,4,7,10,95,843.5
2,94,5,6,1,67,687.1
3,84,6,5,8,86,790.6
4,100,4,7,18,89,884.7
10,65,7,4,5,63,614.1
1,53,4,5,6,49,474.5
7,78,5,9,3,55,593.5
2,68,7,11,2,88,742.8
5,91,7,9,1,36,526
1,45,4,4,9,90,685
3,46,5,6,9,76,621.8
2,76,7,2,16,86,792.6
1,92,6,3,15,72,755
7,57,9,9,0,37,438.9
5,62,6,6,11,59,591.5
1,83,8,8,19,47,618.9
6,77,8,11,19,58,675
5,98,5,5,9,65,720.1
3,40,7,2,0,49,428.7
7,43,6,7,15,40,448.8
11,90,6,6,10,75,772.1
10,83,9,11,3,44,574
9,86,5,2,2,43,543.7
9,74,7,6,12,84,780.8
9,62,5,8,20,75,716.1
2,66,4,1,14,90,763.4
3,99,6,4,9,84,826.8
7,65,5,1,5,75,661.7
5,91,5,2,10,39,555.9
2,99,9,1,0,79,776.3
3,47,4,6,19,78,665.4
10,82,8,11,3,75,737.1
6,55,6,6,9,53,532.7
7,80,9,1,14,54,639.4
9,42,5,4,0,67,539.3
1,71,6,4,20,77,737.7
11,44,8,8,14,71,636.9
7,59,5,6,2,65,584.5
8,53,4,2,0,73,596.5
3,99,6,5,5,47,610.9
4,71,9,4,18,89,816.1
10,65,4,10,3,72,650.8
6,86,8,4,11,79,781.9
10,45,8,8,1,40,423.2
7,98,6,5,16,81,840.3
4,97,8,3,5,42,585.8
8,75,7,10,11,77,744.7
5,79,9,4,14,44,581
1,90,6,1,16,75,766.5
4,98,7,6,0,38,549
3,44,8,11,13,48,494.6
9,52,6,10,1,38,424.8
8,71,7,4,3,58,593.8
1,55,8,6,19,81,719.5
11,40,5,2,1,55,472.3
6,52,5,5,13,44,482.2
9,93,4,11,17,80,825.6
7,50,5,9,7,59,545.1
4,92,7,8,19,40,609
1,47,9,3,0,50,461.2
2,64,5,1,15,91,770.7
5,79,6,10,6,78,734.8
11,71,6,3,5,62,623
5,63,6,8,18,70,681.2
8,67,5,11,9,67,651.3
6,53,5,3,5,64,565.6
8,84,4,5,9,70,707.2
2,42,9,2,18,59,557.7
3,75,9,1,2,47,537.1
6,66,8,11,19,73,724.5
10,59,4,10,2,49,502.9
3,86,7,5,19,72,761.4
6,54,6,5,5,64,575.4
6,66,5,6,16,48,557.6
2,92,8,2,17,84,837.4
7,84,8,9,9,38,551.6
2,80,5,2,5,35,477.9
6,67,4,2,12,95,796.3
1,64,8,5,5,37,455.7
3,81,9,9,11,79,771.3
2,100,4,4,13,84,832.6
7,83,5,6,16,95,869.1
4,85,4,2,7,70,691.8
8,72,9,4,4,38,499
6,85,6,9,3,77,737.9
10,53,5,2,5,48,484.4
4,47,9,1,10,59,548.3
5,87,5,4,4,73,712.9
9,53,9,4,13,95,788.1
7,40,9,1,9,37,408.9
10,55,8,4,10,41,484.5
9,57,8,3,2,42,465.6
7,46,8,2,7,78,642.4
1,54,6,10,20,41,495.9
8,63,6,4,4,90,744.8
4,88,9,8,19,82,836.8
3,90,7,7,20,59,707.7
7,94,5,9,9,51,639.9
3,52,8,8,7,60,560.6
8,48,5,1,20,88,735.2
6,95,9,2,8,38,575.2
5,95,4,2,14,83,819.1
4,54,9,8,0,52,505.2
8,96,6,4,4,92,854.8
8,97,7,9,14,38,605.2
1,74,4,2,3,51,534.7
9,63,5,4,18,81,740.5
5,72,6,1,9,88,768.2
4,55,8,3,1,51,495.7
6,47,4,6,4,79,625.9
6,68,6,9,17,59,635.5
2,62,5,11,5,92,748.2
8,84,9,1,9,37,542.9
7,70,5,5,14,46,552.6
1,79,4,2,8,61,621.7
5,88,4,7,12,51,621.3
6,93,9,4,17,88,877.2
4,94,4,5,6,56,642
2,53,7,8,1,73,608.3
4,98,8,2,15,73,792.1
1,92,6,3,1,92,817.4
7,69,9,11,3,77,707.5
2,92,5,5,1,82,762.4
2,78,5,10,16,70,711.4
9,66,8,4,5,50,548
5,86,4,5,9,71,712.7
2,55,4,3,13,85,701.9
11,90,5,9,14,88,856.4
9,45,8,8,20,63,612.3
9,94,5,6,11,48,630.6
1,72,4,1,18,41,523.5
11,83,9,4,10,75,761.9
3,57,6,7,0,91,712.3
4,55,4,10,7,62,567.4
7,51,9,5,5,47,488.1
10,59,6,4,11,50,540.6
4,84,7,9,19,55,668.7
2,79,8,8,15,38,545.8
7,98,9,3,17,73,810.5
6,68,7,6,11,69,670.9
3,69,4,4,19,86,773
6,65,8,7,1,49,523.5
11,61,9,1,6,91,766.7
6,72,4,1,8,87,752.5
5,97,8,6,17,60,731.2
4,92,8,10,8,80,798.4
10,78,4,11,7,41,534.1
1,86,4,7,0,52,572
10,68,9,9,4,59,612.5
6,61,8,7,15,71,680.1
2,84,9,9,13,55,653.1
3,52,8,10,12,86,723
8,99,9,9,10,42,628.4
10,48,4,8,19,93,767.3
6,63,4,7,12,54,564.8
3,54,5,3,14,52,527.2
7,75,9,11,15,87,821.3
4,52,5,3,12,53,521.9
9,66,5,11,7,86,748
5,83,7,5,17,37,557.1
3,76,8,7,18,89,828.3
2,46,6,10,14,72,624
11,47,7,7,9,52,518.8
2,76,8,1,3,61,614.1
3,80,6,8,5,49,568.5
2,53,5,1,7,80,650
4,97,6,11,6,90,854
2,51,4,4,11,55,519.3
10,75,4,2,17,56,630.8
9,91,9,5,17,42,625.4
2,100,8,6,18,45,655.1
9,79,7,4,3,77,724.3
6,56,5,4,0,46,459.8
1,79,8,7,4,82,747.2
4,92,5,11,6,73,741.1
1,68,4,4,10,61,597.9
6,66,7,2,20,69,690.7
4,40,7,4,20,36,429.6
3,91,4,7,10,69,718.5
3,73,6,1,9,65,640.7
9,43,7,4,6,42,434
6,63,6,6,15,54,582.6
9,60,5,8,0,42,460.6
5,72,7,8,0,38,475.4
2,46,9,9,11,65,587.3
8,40,4,5,15,89,700.1
5,80,6,2,4,66,655.4
2,42,9,3,13,47,475.9
4,83,5,2,17,56,647.2
9,90,5,9,8,60,678
4,54,7,6,1,51,491.9
4,70,7,11,11,63,645.9
2,93,9,1,9,61,689.9
6,55,8,3,1,90,714.2
11,49,8,7,14,56,568.2
2,93,7,7,3,52,618.4
7,68,8,5,18,39,534.9
3,98,4,3,3,46,584.4
3,98,9,7,8,36,573.2
5,45,4,5,12,76,627.4
3,68,8,6,9,41,508.5
2,56,7,3,13,81,696.1
10,92,4,6,2,93,839.1
9,99,5,7,2,60,682.2
2,61,7,8,19,88,776
11,63,9,2,15,73,705.5
2,100,6,2,8,49,629.5
8,56,6,6,13,82,712.8
9,60,7,8,15,88,773.4
7,90,8,5,8,92,858.4
3,89,4,1,4,67,673.9
9,50,4,11,12,81,685.1
3,95,7,1,14,37,574.1
5,46,5,10,3,76,610.2
9,81,9,9,13,82,806.6
3,78,8,4,19,36,542.6
7,44,5,10,19,51,525.1
1,83,7,1,6,35,495.9
4,87,7,11,3,70,708.2
4,100,5,8,16,77,817.5
7,96,6,2,8,51,638.5
8,60,7,2,3,36,437.4
1,57,9,1,2,67,589.1
5,74,8,1,18,63,676.1
7,59,5,9,8,94,768
4,54,6,1,7,94,738.4
4,44,5,6,6,40,409.6
4,52,6,7,6,77,642.7
6,90,6,4,3,70,708.4
7,51,9,5,18,58,592.8
2,94,8,4,11,45,610.9
5,60,7,4,19,39,504.7
4,76,6,10,5,64,643.4
3,45,7,1,11,44,452.4
7,46,8,6,19,71,649.5
11,65,7,10,3,61,605.5
6,81,9,10,1,61,645.5
7,87,9,7,14,58,689.6
5,47,4,7,5,93,705.5
6,48,9,8,17,92,769
5,66,6,7,20,88,794.8
7,43,8,6,4,88,683
2,60,9,8,3,37,446.9
11,70,5,3,10,95,814.1
5,60,8,9,10,72,666
6,79,6,3,8,60,636.2
6,64,8,4,2,79,685.3
5,78,9,10,10,82,780.6
10,54,5,6,1,73,616.1
7,92,4,8,8,52,630.4
10,74,6,3,9,37,506.1
8,88,6,10,10,72,748.4
7,82,8,6,2,76,727.2
5,80,7,5,16,82,792.2
1,76,7,5,10,59,625.3
5,96,5,5,16,47,638.9
10,81,4,9,18,59,677.1
2,86,4,7,3,58,617.2
5,67,8,9,1,90,755.4
5,100,8,9,13,75,812.7
2,53,7,6,14,93,760.1
5,43,9,6,2,50,467.6
4,92,4,4,19,77,794.5
1,59,9,8,12,75,681.5
3,73,4,2,12,76,703.8
1,51,9,5,17,45,505.9
11,72,9,1,19,95,865.9
5,63,4,10,20,91,797.1
4,59,5,2,6,55,532.3
7,44,5,1,15,65,577.7
5,77,8,6,15,88,818.4
10,69,9,2,5,49,555.5
4,63,9,4,5,87,736.9
2,82,9,5,3,79,740.3
4,79,9,7,2,83,756.3
2,46,9,10,0,70,578.6
8,75,7,1,2,77,703.3
3,77,6,11,18,95,860.3
9,55,9,5,8,35,448.3
4,91,7,4,13,62,701.8
6,54,5,7,18,67,634.1
10,85,9,10,18,37,591.3
5,62,5,7,12,89,756.7
10,51,8,8,15,49,538.3
1,68,6,4,7,67,629.5
9,83,4,4,15,66,703.4
1,87,6,10,8,57,642.1
8,54,9,5,8,92,756.8
9,68,9,5,2,60,604.4
9,84,6,11,6,95,852.5
1,82,6,3,19,82,793.6
2,88,8,5,17,51,647.5
1,60,5,5,1,43,449.9
10,54,4,8,0,39,423.7
2,53,6,7,11,63,581.7
10,81,4,8,15,40,561.2
8,83,6,5,11,81,780.3
5,55,5,11,20,94,795.2
11,54,4,2,9,75,647.1
7,81,7,8,8,93,836.1
2,43,5,9,20,69,613.3
8,66,4,2,17,85,759.3
11,62,6,1,3,55,548.3
6,68,6,6,7,79,707.9
8,80,5,3,20,79,784.1
1,92,5,1,3,57,624.9
1,91,6,6,15,69,739.1
7,48,4,8,20,86,726.2
8,92,7,9,20,80,841.6
3,96,8,6,7,36,558.2
5,95,5,6,6,91,845.1
1,91,6,1,12,76,761.4
7,82,4,5,7,43,543.9
5,82,5,3,6,47,560.5
8,46,4,7,4,77,617.1
8,92,5,9,17,68,756.6
9,81,6,11,18,50,636.8
7,43,4,6,9,39,412.9
11,44,6,5,10,35,412.9
1,44,4,7,7,74,590.8
3,50,5,11,5,56,516.2
8,80,8,9,10,82,787
3,67,8,5,15,80,739.2
8,55,7,5,3,92,734
1,80,7,10,1,60,618.2
5,93,9,4,12,68,748.2
4,69,6,5,6,84,729.8
5,43,4,7,16,92,725.4
8,41,7,3,12,55,516.7
10,85,5,4,9,41,557.9
4,42,8,9,12,59,545.3
11,89,4,2,9,91,840.1
4,60,9,8,6,46,510.6
3,45,8,9,9,65,575.1
7,82,4,5,15,81,780.1
3,92,7,7,2,61,663.5
3,57,7,6,3,56,533.2
11,83,6,1,3,68,682.8
10,44,9,8,3,88,695.4
5,48,4,9,15,51,513.9
5,59,9,10,8,93,777.3
6,67,5,11,5,45,512.7
8,65,9,1,9,63,628.9
10,57,7,8,3,68,615.6
6,58,6,3,11,94,770.4
1,42,7,6,9,85,664.1
8,48,8,10,11,71,635.1
8,75,7,8,18,92,848.6
9,70,4,5,18,83,769.3
9,88,6,8,0,82,769
2,56,4,7,3,94,725.2
2,94,5,7,12,60,687.2
3,62,5,7,7,79,680.7
1,73,7,9,13,79,741.3
4,80,6,6,15,79,767.1
4,80,9,6,1,66,661.2
9,44,6,11,7,71,603.9
9,54,6,9,12,39,472.5
9,86,6,6,0,54,606.6
10,42,7,7,11,85,690.1
7,58,4,7,16,41,493.9
2,67,7,2,6,77,682.1
10,42,9,8,15,57,559.7
5,77,4,11,13,35,508.5
4,43,9,6,9,73,615.9
11,63,8,4,2,37,461.3
8,70,8,11,11,79,746.3
2,84,4,7,7,37,509.3
6,98,7,8,15,40,617.4
5,84,9,1,0,65,660.3
2,98,9,10,16,88,888
11,50,5,4,5,61,551.3
10,76,9,4,0,63,638.9
1,40,7,10,14,49,481.9
8,48,5,9,12,70,618.6
2,56,7,6,5,39,441.5
7,93,6,4,20,37,595.7
9,40,9,1,12,85,687.1
9,42,6,8,3,59,514.7
8,86,8,11,0,66,685.4
11,65,8,9,9,55,596.1
10,92,4,5,3,82,780.8
9,70,9,5,12,51,594.9
2,65,5,10,3,43,479.7
6,62,6,8,15,60,615
4,69,7,8,8,56,590.6
4,49,9,5,3,75,623.3
5,47,4,4,19,80,678
3,83,7,6,7,93,828.3
1,64,6,10,3,57,556.1
8,61,9,5,8,45,519.3
5,54,6,8,10,92,748
3,98,9,9,4,44,606
10,80,9,1,8,57,641.5
7,95,6,9,7,39,574.5
7,96,6,9,3,89,838.9
1,49,7,6,19,60,581.6
9,59,4,11,0,38,434.8
2,80,6,10,19,77,770.5
5,86,8,5,12,61,685.5
5,62,4,7,4,72,631.6
8,92,8,11,19,68,779
8,92,7,8,20,92,906.4
7,40,6,9,9,37,405.3
7,41,4,9,15,84,678.4
11,97,6,10,7,66,738.2
6,58,9,11,11,95,798.7
6,53,6,3,2,60,537.8
11,47,4,8,3,52,486.4
9,77,6,1,16,41,556.5
6,51,6,7,20,87,746.3
2,65,5,5,19,79,726.1
2,66,5,2,12,47,525.7
5,68,4,2,5,40,471
4,54,4,8,2,69,583.5
11,85,9,5,13,65,724.3
2,92,9,11,6,76,771.2
3,100,6,3,2,87,821.3
7,40,8,1,5,71,577.9
8,99,4,11,12,77,808.1
6,82,6,7,13,38,546
11,67,8,11,14,76,737
5,96,5,3,15,38,583.6
1,42,9,7,0,94,693
8,90,4,2,14,79,788.1
3,57,6,4,6,42,459.6
6,91,5,2,8,72,732.6
3,99,7,4,14,45,633.7
7,73,5,5,13,36,503.2
7,71,6,8,18,52,610.2
9,68,9,2,17,52,607.8
5,64,8,10,8,56,584.4
8,99,7,3,0,46,600.4
10,65,7,10,11,51,575.7
10,78,9,5,9,85,797.7
8,47,7,11,6,51,501.9
1,58,4,9,13,70,633.6
5,93,6,10,0,63,673.9
3,86,7,11,14,83,812.1
1,81,5,5,0,50,548
4,61,8,9,12,75,690.3
8,68,6,4,19,45,563.3
3,72,9,10,1,78,706
10,77,5,5,2,77,709.3
2,84,4,9,3,79,729.1
11,85,7,4,15,56,671.6
9,74,5,5,11,64,657.4
10,82,6,5,3,42,539.6
5,42,5,4,11,80,640.2
7,58,4,4,6,52,516.8
11,49,8,11,19,80,722
11,66,7,5,2,50,538.6
2,54,6,6,4,81,658.7
9,50,7,7,11,88,728.6
9,86,7,6,11,54,648.4
4,65,9,1,19,73,709.9
4,98,7,2,6,42,586.6
6,63,5,7,11,64,620.8
10,52,5,3,1,72,601
10,71,8,10,13,63,670.9
10,76,4,11,15,47,588.3
6,43,6,2,6,51,470.7
1,52,5,6,3,74,604.4
9,48,7,11,19,77,694.1
2,96,4,4,4,51,608.5
5,88,6,11,13,43,594.3
9,73,6,5,8,36,494.6
4,95,6,6,4,93,851.7
11,76,6,3,1,76,701.4
3,87,8,1,4,88,801
7,46,6,3,2,58,507.8
6,40,4,3,9,55,486.3
8,99,5,6,7,80,806
3,97,4,4,9,36,548
5,51,7,7,1,39,420.1
10,60,9,11,13,51,577.5
4,50,8,2,3,58,524.8
4,83,8,4,20,42,596
4,90,7,8,11,64,707.8
10,97,4,11,19,84,868.4
8,83,4,6,13,56,642
6,83,7,10,15,93,866.3
3,53,9,3,4,58,540.8
10,73,6,10,15,60,658.4
5,73,6,2,3,95,790.5
6,64,5,3,2,42,467.4
5,100,4,1,0,46,581.8
6,43,4,1,3,48,434
8,91,7,2,8,64,701.4
7,94,7,3,0,89,819.9
5,65,6,9,15,69,672.7
10,55,4,8,2,95,741.5
6,49,4,11,5,65,564.3
4,84,8,11,12,62,690.2
9,41,5,9,16,80,668.2
4,74,5,7,14,61,643.5
1,58,6,7,20,70,663.8
7,45,9,5,11,35,424.5
7,58,4,7,7,75,650.3
4,98,8,4,15,48,657
3,92,4,5,2,92,818.4
8,91,7,1,3,44,573.2
5,90,6,11,6,84,802
10,47,9,4,14,76,671
7,53,5,3,10,41,458.1
4,49,4,2,15,74,633
4,42,9,2,13,48,484.2
8,77,6,8,12,70,708.8
8,68,5,1,8,61,605.9
2,54,4,8,17,45,498.5
2,62,8,9,2,76,660.8
3,62,6,6,19,83,746.7
3,57,4,1,4,71,599.9
1,85,5,10,1,76,712.4
3,58,5,7,20,44,520.4
6,67,8,5,16,88,792.6
8,65,6,9,15,41,524.7
10,49,6,7,19,51,546.9
6,86,9,5,12,95,878.9
5,43,4,2,19,86,696.6
4,94,9,4,10,46,621.4
3,41,5,2,7,71,567.7
4,42,5,9,20,71,625.3
7,46,8,2,4,89,692.7
1,94,8,2,1,70,710
7,55,6,2,3,92,724
1,70,9,1,2,41,485.1
2,49,5,9,1,58,506.2
4,58,4,8,2,68,590
1,67,7,2,15,35,479.7
11,56,4,2,19,63,621.1
11,67,8,5,8,60,621.4
11,58,4,4,5,44,477.4
9,76,5,2,14,35,510.5
6,62,9,8,4,79,695.3
1,59,6,8,8,51,522.7
1,52,9,4,5,75,631.9
6,52,7,4,2,70,595.4
4,82,6,9,12,43,568.5
4,50,7,4,14,73,642.7
11,87,7,10,10,57,673.3
6,54,5,11,15,63,606.7
11,56,5,9,14,36,468.4
7,93,8,3,5,52,634.8
9,89,8,2,13,62,707.8
10,67,7,11,10,87,777.5
5,58,9,8,19,81,743.3
9,43,8,3,9,76,634.4
4,61,5,2,15,83,722.9
10,61,8,11,11,41,514.3
2,94,7,8,6,45,594.3
3,76,6,8,6,41,515.9
11,78,9,5,17,77,782.9
1,73,9,9,14,58,638
6,72,4,11,5,89,765.3
6,83,8,6,18,90,859.6
1,81,9,5,7,49,583.9
11,79,5,3,19,65,706.7
3,72,6,7,14,85,771.9
5,51,5,9,3,53,497.5
3,41,8,4,17,90,721.8
10,98,7,11,12,91,899.3
3,67,4,7,0,44,475
10,49,4,3,7,82,663
3,61,6,11,18,86,762.8
5,56,9,2,16,42,505.4
5,65,9,11,9,35,480.9
4,42,9,1,0,36,372.8
1,46,4,6,0,63,511.3
5,83,7,5,20,76,781.8
10,47,9,2,4,44,458.6
5,59,5,3,0,76,630.6
4,51,9,9,20,43,515.9
6,74,7,3,20,84,798.4
10,56,6,7,19,65,644.9
4,67,6,1,12,66,640.4
7,80,4,7,8,36,505.2
7,49,7,9,15,58,572.6
2,61,5,11,7,71,636.5
3,77,7,8,13,87,800.1
1,96,5,7,16,77,798.3
8,72,5,10,3,40,496.2
9,61,7,8,6,42,492.8
4,83,8,4,16,74,758.4
6,76,7,2,15,59,648.7
9,52,5,11,13,76,671.4
6,66,9,9,15,77,734.9
9,54,6,3,1,85,680.9
4,61,6,11,14,59,602.7
8,69,4,4,10,80,719.4
9,82,6,7,12,45,587.1
4,79,8,2,3,69,672.3
5,76,5,8,0,35,462.1
8,73,7,10,14,94,842.4
10,83,7,8,11,93,858.3
6,99,8,5,20,87,896.7
7,73,6,9,8,57,610.9
3,97,5,8,6,37,552.5
7,87,6,1,2,75,721.9
8,92,4,9,15,35,563.9
10,74,6,5,3,88,768.6
6,81,4,9,13,78,756.6
10,58,7,9,12,46,529.4
9,47,5,10,19,72,653.6
6,78,9,10,18,95,881.3
9,72,4,3,1,74,665.6
4,83,6,8,9,65,681.1
8,100,6,7,18,63,758.5
11,67,7,7,14,69,689.3
4,76,8,10,6,62,644.6
2,87,9,2,14,55,657.1
10,64,8,2,16,45,551.5
11,75,6,2,15,60,656.8
9,56,8,11,16,45,536.3
5,63,9,2,15,39,506.5
4,60,9,4,17,90,785.2
2,41,5,7,16,41,437.3
1,70,8,2,3,85,727.3
11,83,5,5,1,65,659.9
7,72,6,7,16,73,720.7
6,69,6,9,16,76,728.6
2,51,6,8,1,42,427.4
8,83,7,9,1,87,788.5
11,51,8,7,14,61,601.7
4,90,4,3,15,55,652.7
8,96,9,1,10,64,730.8
7,88,4,10,1,48,575
5,91,6,7,7,93,853.1
10,63,8,11,20,35,517.9
10,63,5,6,11,79,710.1
8,97,4,2,13,58,690.2
9,99,6,1,13,95,909.3
5,50,4,10,11,40,447
10,52,4,4,1,40,421.8
5,66,9,4,13,87,775.1
2,47,4,6,11,39,421.7
5,49,6,11,8,69,603.3
3,47,9,5,7,78,645.4
7,59,6,9,19,49,562.3
10,47,7,8,15,69,631.9
5,48,7,9,9,82,677.2
8,46,7,10,6,84,679.2
1,53,4,7,14,75,647.1
3,67,8,9,8,42,511.2
3,41,6,3,3,77,592.7
9,96,7,9,5,69,744.1
5,82,8,2,11,39,545.5
9,47,7,9,14,65,605.7
9,52,7,6,18,76,691.2
1,60,8,4,1,65,582.9
2,86,7,11,18,71,757.7
5,67,4,2,19,42,526.6
4,74,4,10,19,40,544.2
10,62,9,3,1,57,566.1
9,85,4,5,14,87,822.7
7,54,5,9,11,50,521.2
6,41,9,7,0,78,612
7,100,7,11,13,83,858.7
1,90,5,11,3,42,548.4
1,51,6,3,10,38,428
8,96,8,4,6,66,727.4
2,91,6,11,12,87,835.9
10,75,5,2,13,83,770.1
11,42,4,8,6,37,399.1
9,44,7,6,10,84,684
7,42,9,3,19,50,522.8
6,96,7,5,19,94,918.4
1,86,4,5,10,68,691.6
1,58,7,1,20,47,534.5
2,41,8,5,8,67,563.9
6,83,8,6,3,56,621.6
6,76,8,10,1,65,648.1
2,93,6,10,1,58,643.8
1,56,4,11,8,37,431.5
10,53,8,11,18,67,657.1
5,67,5,11,14,64,645.8
5,66,8,2,20,60,643.6
2,93,9,3,20,68,768.2
6,49,6,10,17,85,722.7
9,42,5,5,15,56,531
2,75,4,3,1,64,605.6
10,77,4,5,11,69,691.5
2,95,9,5,0,59,659.1
3,64,8,8,1,62,587.2
7,61,5,10,13,67,643.7
6,87,9,9,6,57,657.3
8,78,5,8,16,60,666
8,86,8,3,14,90,855.4
6,69,8,1,16,43,546.3
11,60,7,3,8,42,494.6
10,69,7,1,12,71,690.3
3,67,8,11,1,67,627.3
3,70,6,9,14,49,570.3
1,96,9,3,19,83,854.3
7,91,7,8,10,81,806.9
5,65,8,6,18,42,539.6
4,82,5,3,13,89,813.3
10,61,9,9,3,55,566.1
4,60,7,8,10,92,768.4
4,40,6,3,15,37,412.5
6,76,9,7,1,43,527.9
8,52,9,5,1,86,694
8,60,4,2,8,48,507.2
5,85,5,8,20,72,760.6
6,48,6,1,20,61,587.1
4,56,6,4,3,54,514.4
11,86,6,11,7,91,843.9
9,60,5,11,17,38,500
8,70,6,4,14,58,623.8
10,78,4,10,1,61,622.5
10,98,7,5,10,46,637.8
1,93,5,4,16,62,703.2
2,61,6,1,6,69,614.5
9,51,8,7,7,58,557.4
8,94,7,10,9,65,728.9
3,45,9,11,2,93,712.1
8,92,5,2,12,37,560.7
1,55,8,10,16,64,620.6
10,65,9,3,12,61,634.5
4,44,8,5,18,87,720.9
3,48,6,8,8,51,493.7
6,85,5,10,20,40,589
7,79,6,8,15,81,783.5
4,53,9,2,4,77,646.1
7,83,4,9,8,52,604.6
9,81,8,6,8,94,847.6
11,69,4,9,5,69,653.9
2,91,9,4,20,61,724.9
11,91,6,3,9,51,636.1
3,65,7,5,17,45,543.1
5,92,8,5,10,72,757.2
3,84,7,4,14,71,731.7
11,68,5,7,6,76,694.8
8,58,8,8,13,68,653
10,86,4,5,7,81,770.9
8,47,7,9,18,66,622.8
8,62,9,7,14,77,721.1
9,92,5,7,18,90,880.6
4,81,8,8,17,91,854.1
5,74,9,4,16,80,770.8
5,70,5,10,2,80,700.8
8,92,4,6,2,69,703.1
7,74,9,5,6,62,643
9,71,8,1,9,88,782
8,97,5,9,16,56,702.2
2,44,6,2,14,50,487.4
10,55,8,6,7,80,691.2
4,56,8,8,16,76,693.2
6,71,8,3,2,88,754.6
2,77,8,5,3,74,693.4
7,97,6,7,7,46,616.6
3,71,9,4,12,39,518.7
3,91,9,5,0,60,654.6
11,59,9,1,17,60,627.6
2,87,4,4,10,47,579.9
11,95,6,7,20,58,728.8
8,41,6,10,5,78,623.4
6,59,5,7,15,37,473.9
1,86,7,10,20,66,733.8
1,57,9,10,18,57,599.3
7,40,7,4,16,83,680.5
8,97,5,6,17,86,867
5,68,6,5,10,71,670.9
11,68,5,1,13,89,782.9
5,58,8,8,11,72,662.2
4,83,5,7,19,79,786.5
6,79,5,5,6,72,693.4
6,45,8,10,16,47,507.1
3,83,7,10,4,49,580.9
9,78,8,7,13,36,537.8
11,89,4,10,12,45,606.9
7,93,5,3,11,50,631
1,85,5,8,13,52,618.8
7,47,7,5,8,68,593
5,63,6,2,3,44,480
5,59,8,2,18,47,544.3
2,93,6,4,0,66,677.2
4,53,4,7,12,94,750.8
6,44,8,10,5,42,439.2
10,80,4,4,0,41,507.9
11,79,4,9,16,82,792.8
7,73,4,2,2,51,540.3
11,99,9,6,16,75,832.7
5,55,8,4,1,61,553.9
9,84,8,6,6,93,844.3
3,46,9,10,0,42,426.6
1,55,7,9,20,63,623.1
4,46,9,10,14,91,745.7
9,66,5,9,3,86,732
4,53,6,9,5,71,611.7
2,53,6,9,20,61,603.7
10,83,4,3,12,71,721.5
5,72,8,11,12,93,826.7
3,72,8,9,19,91,833.1
9,83,4,3,0,58,607.2
4,59,5,10,1,79,656.9
6,92,6,3,5,50,610
2,86,9,5,10,60,671.6
6,75,7,6,17,88,816.8
3,46,5,9,12,65,575.1
9,71,8,1,20,61,670.9
11,87,4,8,11,60,677.6
2,42,6,4,19,77,649.3
9,78,4,10,6,49,571.5
5,68,8,7,19,92,828.2
8,63,4,6,6,83,706.7
2,61,9,6,6,49,523.7
6,45,6,7,1,57,498.7
3,87,4,4,10,59,647.9
10,63,6,6,0,78,671.6
5,79,4,3,20,38,545.2
8,62,4,5,12,70,651.4
10,93,6,2,11,87,843.7
1,77,9,3,12,50,592
5,49,4,9,6,81,651.3
3,55,9,6,11,74,662.2
4,50,5,3,16,93,749.5
2,71,7,2,7,55,576.5
9,84,5,5,2,86,777.8
3,100,7,10,6,74,776.2
2,45,5,5,18,77,651.7
10,63,7,1,19,87,784.1
11,72,4,3,7,90,778
9,92,6,7,13,51,653.5
7,90,6,9,13,37,568.9
6,51,8,5,1,41,435.1
1,95,7,4,5,46,592.6
5,66,8,3,15,35,490.3
11,77,9,10,8,77,755.3
11,57,9,9,20,71,701.9
3,84,8,7,14,40,569.2
1,78,7,7,18,80,776.4
4,94,6,8,14,94,890.6
2,52,7,10,11,95,762.7
2,92,9,1,8,83,804.5
3,79,4,11,15,57,638.3
8,69,8,4,5,59,604.5
8,92,8,5,19,59,722.3
7,88,9,5,14,37,574.7
6,80,7,1,12,38,533.8
9,91,8,3,20,64,749.8
4,52,6,2,9,67,591.9
1,73,8,7,13,63,655.3
8,75,7,5,2,38,493.6
7,69,9,3,11,48,565.6
7,100,6,11,0,55,656.1
3,64,6,8,20,41,527.5
4,41,8,1,15,55,520.9
10,75,7,1,9,90,802.6
9,57,8,6,8,41,484.1
6,44,4,1,17,35,413.1
5,58,9,4,0,94,745.4
3,81,4,6,9,68,678.4
9,57,6,1,6,57,550.5
5,96,8,9,9,37,578.1
5,71,4,4,11,52,568.8
4,60,5,9,10,77,678.3
4,49,4,9,8,46,463.6
1,76,8,6,4,48,550
7,88,8,7,3,75,744.3
9,61,9,1,19,62,647.4
3,52,4,5,12,76,644.4
2,94,8,3,7,79,783.1
3,56,8,10,15,58,591.2
1,48,9,10,0,58,516.6
6,63,9,6,16,37,505.7
11,83,9,4,14,93,874.5
11,53,9,9,14,92,785
7,85,5,7,17,43,593.7
11,47,6,4,5,58,530.2
11,94,8,11,1,94,872.8
2,76,7,6,4,36,481.6
8,58,9,2,18,89,782.7
6,67,6,3,6,74,670.4
4,85,9,11,8,62,684
5,80,6,7,1,41,513.7
8,69,7,11,6,43,523.9
3,46,4,4,13,79,645.1
3,98,5,10,14,73,783.1
11,97,8,7,11,94,911
4,65,4,9,19,73,697.5
1,79,7,5,3,67,654.5
9,85,5,1,12,68,711
8,93,5,5,8,55,652.7
8,99,5,6,11,95,902.1
10,85,7,11,9,63,696.1
6,50,9,2,8,61,566.7
7,53,9,8,20,51,570.7
6,60,9,2,6,94,771.4
9,47,4,9,11,76,642.8
3,42,8,2,15,81,666.1
3,67,5,3,14,82,731.2
3,100,5,8,6,57,671.5
10,68,4,11,7,87,757.1
3,62,9,6,6,79,693.7
9,57,5,1,10,55,548.7
4,74,5,4,3,42,498
7,52,7,5,17,43,501.1
9,51,6,11,18,92,777.8
11,86,4,3,6,67,690.1
7,89,4,1,12,92,846.6
9,44,9,3,8,38,429.4
3,78,4,9,17,93,837.7
4,50,9,2,6,52,506.4
8,97,7,1,19,66,766.6
6,98,7,7,15,64,748.2
5,50,8,7,4,59,541.7
4,98,9,5,6,91,868.5
8,86,7,2,5,67,692.7
1,81,9,1,1,69,668.7
9,86,4,5,6,76,738
1,70,8,10,20,90,822.2
8,70,6,4,8,68,658.4
4,52,5,9,12,84,699.6
9,53,5,5,16,36,457.4
11,88,8,11,16,47,647.3
5,84,9,10,14,87,839.7
3,81,9,2,17,75,761.3
9,64,9,4,14,57,615.5
11,72,6,9,10,95,831.7
9,72,5,8,11,57,616.5
4,54,8,3,16,65,620.7
11,55,9,8,11,36,471.6
4,83,7,2,6,36,508.6
8,97,4,3,6,39,563.1
2,95,6,5,20,94,906.4
9,77,9,11,9,48,596.4
6,45,5,10,15,57,545.5
9,83,4,10,10,89,820.1
8,64,8,8,15,91,804.3
7,54,9,1,1,69,599.7
1,43,5,4,1,80,601.2
3,95,4,1,17,35,560.1
11,43,7,1,4,75,609.1
2,69,6,5,13,82,738.6
5,73,8,6,7,83,751.7
5,66,5,1,5,74,655.2
5,70,7,11,8,49,560.7
4,95,6,6,5,64,695.6
5,71,6,5,20,55,625.9
3,83,7,4,16,42,576
1,78,5,10,7,41,519.3
5,91,6,5,2,75,734.7
9,48,8,8,11,68,618.2
9,80,4,9,12,91,827.7
4,47,8,11,17,76,673.2
3,53,9,2,10,71,631.5
1,72,6,6,1,82,706
2,62,4,3,13,87,733.9
8,60,7,2,0,66,592.2
1,94,4,1,14,67,718.9
8,51,4,4,17,40,469.2
7,96,4,8,17,76,805
8,41,6,3,16,44,465.4
6,52,9,5,0,60,543.6
9,98,9,10,13,92,913.8
3,43,5,5,19,85,695.1
10,59,9,5,15,79,728.1
4,89,6,11,3,60,654.8
6,90,5,9,5,53,623.3
8,87,7,8,15,69,747.9
5,98,7,8,19,79,843.5
3,53,7,1,5,38,423
6,69,7,1,14,59,623.1
4,68,7,2,0,95,767.7
9,47,8,8,6,42,455.2
3,51,6,10,10,46,484.4
4,80,5,1,0,88,755.2
7,77,7,4,7,58,623.4
7,65,8,9,13,58,618.2
4,89,9,2,4,51,611.1
6,41,8,3,12,59,539.1
3,94,8,11,14,67,752.5
6,79,6,6,8,61,645.3
2,95,7,11,7,36,554.8
8,53,8,10,18,43,519.9
2,45,8,3,16,89,721.7
11,81,7,4,18,92,867.8
7,79,6,9,17,67,714.5
9,70,8,9,17,53,623.3
1,56,5,10,3,83,670.7
8,64,4,5,1,39,449.5
7,100,9,7,4,81,821.1
6,71,4,9,16,54,604.8
6,51,4,8,6,58,531.6
6,88,6,11,15,91,867.1
9,52,8,7,0,65,575.1
2,58,4,8,11,78,671.6
1,83,4,5,18,38,544.8
6,87,9,5,8,66,708.8
10,64,7,5,15,81,745.3
11,70,8,1,6,69,668.3
8,98,8,6,14,48,664
3,76,9,5,11,70,702
10,64,7,8,3,85,730.1
1,55,8,8,5,40,448.8
9,96,5,2,5,51,627.9
1,77,9,11,14,52,619.4
3,82,6,6,2,42,523.4
8,88,7,11,1,85,794.9
3,97,9,10,4,86,835.2
4,62,4,10,7,46,500.4
8,53,8,6,18,51,559.1
1,45,5,3,20,65,588.1
6,64,5,1,15,85,745.7
1,62,6,7,18,35,476.5
1,99,9,10,15,45,649.1
8,82,5,5,5,76,725
11,51,9,10,0,50,501.6
4,52,8,5,17,71,653.5
1,75,8,11,7,83,755.7
10,78,5,8,4,62,640.2
7,73,8,5,11,43,548.1
5,45,9,5,17,89,737.9
5,77,8,1,4,93,802.5
1,89,4,2,12,42,560.8
10,91,9,5,20,59,731.1
11,79,7,7,11,44,577.6
6,47,8,3,15,74,649.8
9,100,8,1,13,37,602.1
9,47,9,11,10,89,735.3
8,79,6,2,8,57,622.5
5,72,7,3,9,57,604.5
1,73,7,9,15,78,742.6
9,83,7,8,18,90,863.6
1,54,5,4,9,38,430.4
8,75,4,8,20,93,847.7
5,99,4,9,3,88,829.6
3,96,6,3,20,84,854
11,74,7,6,7,57,619.3
7,85,7,8,10,43,579.9
7,61,8,10,5,87,739.7
9,62,9,7,3,38,471.2
7,79,5,9,20,68,725.8
11,84,5,7,4,73,719.5
3,94,6,1,17,52,659.4
11,90,4,9,2,68,701.2
1,61,7,5,6,91,742.7
8,44,9,6,11,68,606.2
3,70,6,2,2,76,669.6
8,52,5,2,16,37,454.3
8,67,5,4,2,53,542.1
5,97,5,4,10,68,735.8
1,59,7,5,5,60,562.8
10,72,7,7,10,69,688.7
7,55,7,11,3,75,645.7
10,68,8,1,16,77,738.3
5,62,4,10,0,65,583.1
8,63,5,4,11,77,692.7
9,73,5,9,2,61,612.1
11,46,8,8,15,37,459.3
7,77,5,3,2,71,667.9
7,76,5,6,13,46,568.4
1,100,7,11,16,81,845.9
4,43,7,9,18,57,553.3
2,73,4,8,6,51,551.1
2,81,5,7,10,50,586.4
2,61,6,7,15,51,553.3
4,44,5,1,18,49,493.9
1,89,5,5,4,60,640.6
4,81,4,7,0,79,711.5
2,62,6,2,9,36,447.4
5,93,5,6,17,51,656.5
3,99,9,2,9,35,568.1
8,54,9,3,0,64,573.2
4,70,6,1,12,66,649.4
1,98,9,3,3,64,701.4
1,48,7,7,11,76,640.6
10,82,7,5,15,38,562.8
3,97,6,4,18,76,807.4
9,92,5,8,11,78,792
7,64,6,8,5,66,622
2,64,9,1,15,94,804.8
9,100,6,9,11,69,772.1
10,88,9,9,9,35,557.5
2,60,7,2,4,53,522.3
3,48,6,2,18,67,608.5
11,94,8,8,11,53,677.7
10,87,9,11,7,70,742.6
2,77,8,6,3,61,623.1
3,61,7,3,6,47,502.3
6,82,5,2,4,61,631.5
9,62,9,5,10,80,723.6
9,88,5,8,16,48,632
7,43,7,6,20,58,568
3,68,5,3,2,69,621.9
4,54,9,9,1,53,515.3
6,40,4,8,18,95,742.9
11,93,9,10,1,59,680.5
5,69,9,6,13,45,555.5
2,68,8,1,0,43,480.9
6,59,4,2,15,40,480
3,72,4,4,14,92,798
8,80,4,2,17,70,718.8
2,83,9,3,1,92,805.6
1,75,7,8,10,71,691.9
9,99,4,9,20,63,757.9
3,61,6,6,16,43,513.5
11,52,5,4,12,67,614.1
1,46,7,11,11,57,534.9
7,47,6,2,1,49,456.7
10,67,9,7,20,45,584.5
5,84,9,10,17,57,684.9
5,82,6,11,9,60,656.2
1,48,8,7,11,35,419.5
9,64,8,10,16,64,663.6
7,95,6,9,13,51,660.9
8,55,8,5,18,81,728.9
9,49,5,10,12,80,679.8
6,50,5,4,2,75,608.1
5,70,9,10,7,57,608.9
6,51,8,6,4,70,606
11,99,4,2,11,75,788.9
2,70,6,2,0,94,759.8
4,53,5,9,20,39,482.3
3,90,8,7,15,69,750.1
7,83,8,7,11,84,806
9,71,5,5,16,43,549.9
5,89,5,7,8,38,543.6
6,92,4,9,12,41,582.7
10,56,8,10,3,35,437.9
2,74,8,5,3,50,552.4
3,40,7,9,14,91,715.7
3,68,9,1,9,94,798.4
9,90,4,3,5,59,650.7
7,100,5,7,2,92,857.2
8,43,5,4,14,40,439.4
11,62,6,2,5,72,649.8
10,67,9,3,10,48,562.2
11,55,5,7,1,88,704.8
9,51,8,8,1,71,609.7
6,92,5,11,0,45,570.7
4,60,8,9,10,35,460.5
1,84,8,6,4,86,783
8,56,4,10,5,76,648.6
7,79,5,9,2,35,483.1
2,52,4,4,19,87,725.5
8,91,9,5,4,95,870.7
5,97,8,1,19,70,787
7,71,9,9,8,42,535.6
4,76,5,9,18,66,693
5,89,9,9,4,67,709.5
8,54,9,3,11,42,489.6
1,51,5,10,11,48,490.4
1,100,4,10,15,58,701.6
4,88,4,10,6,83,778.5
3,96,8,8,13,75,795.5
10,54,8,3,8,63,594.5
2,73,5,6,14,59,624.3
3,45,5,5,10,40,423
11,56,7,8,3,35,433.1
11,87,7,3,10,89,840.9
11,88,6,1,8,57,654.3
1,96,8,9,5,75,765.5
1,59,9,10,16,67,653.5
6,48,6,9,8,48,484.4
5,98,6,3,5,90,846
8,44,4,2,5,62,526
2,62,9,4,3,63,591.1
4,72,4,8,19,77,739.3
8,77,7,6,10,74,726
6,95,6,10,2,57,655.7
1,53,7,1,17,78,679.8
4,56,9,8,15,72,672.2
1,96,9,5,20,83,860.1
2,58,8,6,15,77,694.9
5,72,5,5,11,44,533.4
8,40,4,10,13,61,545.3
8,52,8,5,8,42,471.4
11,85,8,3,6,78,765.2
3,66,4,4,13,87,749.1
11,45,4,5,19,38,454.2
4,98,9,11,19,55,721.9
10,45,9,11,9,55,540.9
11,72,6,2,10,64,652.8
6,69,7,6,6,47,535.9
11,85,9,2,18,92,886.2
11,74,8,4,18,37,548.7
10,62,6,1,20,54,598.6
3,49,6,4,10,70,603.2
2,90,8,7,5,74,741.6
6,58,9,8,7,39,473.5
11,90,8,2,0,56,637.6
5,67,5,3,7,92,766.4
10,62,9,1,4,36,458.4
5,43,7,7,9,59,533.3
10,59,8,4,1,74,647.4
5,58,9,11,3,58,566
10,81,4,10,1,92,802
5,66,5,8,14,39,501.7
3,96,7,5,19,50,670.4
7,73,9,9,9,87,792.5
6,43,4,6,20,49,503.3
4,95,9,11,1,85,816.7
2,77,4,10,5,47,540.1
9,46,7,2,13,45,480.9
1,87,5,1,4,50,574.8
11,100,4,1,1,52,630.2
4,46,6,9,13,59,551.9
1,89,7,1,12,81,787.3
6,91,7,3,1,72,718.8
4,65,8,2,8,74,674.8
5,65,5,4,2,38,447.6
5,93,6,1,14,87,842.7
9,58,6,1,2,92,732.4
1,48,8,4,11,82,674.4
2,100,4,4,5,55,645.9
6,59,4,7,18,45,523.7
5,81,6,8,16,92,849.4
11,84,5,8,5,86,795.6
7,89,4,8,18,93,880.9
3,55,7,9,16,68,641
3,93,9,1,15,64,728.8
10,56,8,9,20,88,786
2,61,5,10,7,38,453.8
3,52,4,8,18,48,514.4
10,51,9,1,7,45,485.1
1,49,6,7,19,38,457.4
5,40,8,9,14,60,553.6
5,71,4,4,7,37,472.7
11,69,6,9,2,90,768
7,47,4,1,15,88,708.8
4,60,8,9,2,91,741.3
3,61,7,6,0,71,617.5
1,57,7,4,7,72,628.4
8,41,9,5,8,75,624.3
3,87,6,7,11,38,548.2
2,83,7,10,17,60,683.6
11,48,8,4,16,73,661.9
4,42,6,8,7,79,628.3
3,93,4,3,19,76,788.8
1,65,5,2,10,78,684.4
3,60,4,1,6,76,643.2
2,69,8,6,13,45,545.1
8,67,9,2,9,45,537.1
6,75,6,8,14,88,804.6
9,65,4,11,11,72,677.2
8,73,6,10,19,72,734
10,47,7,4,16,54,548
3,49,5,9,7,60,539.6
5,87,8,4,13,72,751.2
7,94,4,4,14,46,619
5,82,5,8,10,89,811.1
8,89,8,8,11,63,711.7
5,93,8,5,19,48,658.8
1,53,9,3,15,84,717.2
5,79,7,2,19,93,856.3
4,94,9,9,17,59,722.7
6,54,9,9,9,89,744.5
3,56,6,5,18,85,735.1
11,92,6,8,17,76,809.8
5,57,5,7,0,76,629.4
2,71,7,3,3,73,663.1
11,77,8,5,6,60,644.6
6,62,7,9,0,44,481.6
6,85,7,4,7,48,590.4
5,62,5,3,16,39,490.5
6,74,6,7,7,91,793.1
11,78,7,8,4,56,618
7,54,7,5,0,45,460.3
5,92,7,8,14,63,720.5
1,63,4,5,3,41,450.3
8,67,7,9,6,86,752
4,55,7,7,13,52,542.4
9,55,8,5,11,65,619.1
10,79,9,9,20,77,798.9
6,78,4,5,2,54,573.4
1,45,7,8,19,91,742.5
3,41,9,4,17,69,610.7
3,93,7,9,7,41,575.9
10,52,5,6,1,95,731.1
4,83,5,6,5,64,655.2
6,86,9,3,6,38,542.6
7,98,4,3,6,85,817.1
10,48,8,4,12,64,596.8
4,73,4,1,0,64,597.8
6,56,4,6,7,64,580.6
11,66,5,1,12,87,762.5
1,68,5,11,19,52,591.8
8,76,8,4,18,77,768.7
7,82,7,7,16,80,793.6
11,61,8,6,12,44,530.2
11,90,7,8,15,48,647.4
9,63,9,4,14,70,684
3,46,9,9,10,57,541.9
2,73,6,10,11,46,551.8
1,87,5,8,2,46,554.4
3,51,6,5,8,68,592.6
5,62,6,6,13,60,603.8
11,54,5,5,6,40,452.4
2,72,6,6,10,71,678.1
3,96,4,1,9,85,810.9
4,52,7,4,2,87,684.9
7,62,8,9,18,49,576.7
3,77,5,4,1,76,685.2
9,71,4,2,16,73,706.9
8,84,9,6,1,53,609.7
4,89,8,2,20,74,787.6
1,74,8,3,15,81,759.3
1,40,8,7,16,57,533.5
1,86,6,4,9,70,706.8
1,97,6,1,3,47,589.3
8,84,6,9,10,65,696.7
3,44,6,6,16,95,748.5
6,96,4,9,11,71,756.3
3,52,6,3,20,60,590
11,93,5,5,9,77,783.1
5,44,8,9,15,82,690
7,99,4,6,3,86,819
2,71,9,2,2,52,551.8
6,90,6,1,8,94,853.8
6,60,9,9,5,81,704.9
11,63,8,1,11,91,785.3
3,99,4,5,0,67,695.1
6,57,8,1,13,74,670.6
10,60,9,5,9,66,639.2
10,93,4,5,17,38,589.4
5,49,7,7,12,75,649.5
2,63,4,7,8,53,537.7
9,79,6,11,18,41,581.3
8,86,9,10,3,81,781.3
3,60,8,1,2,69,608.7
8,64,8,9,5,60,601
9,91,8,1,8,78,783.6
3,99,5,5,9,57,675.1
3,96,5,7,8,68,725.6
2,98,6,8,16,85,855.9
8,62,7,2,9,90,760.8
10,61,5,1,5,41,468.7
1,43,4,4,15,45,451.9
8,73,9,4,16,85,801.3
7,95,6,10,10,42,602.4
7,45,7,6,19,47,510.1
3,67,4,1,6,66,609.2
1,70,8,1,3,75,671.1
4,74,5,3,9,68,660.2
9,78,4,5,20,52,629.6
5,81,7,6,13,49,604.7
1,62,6,5,16,89,764.3
5,45,4,5,13,77,636.3
8,55,6,9,19,58,601.8
8,41,8,2,12,81,662.9
5,63,7,1,1,55,536.9
9,56,7,6,8,52,537.2
1,84,5,9,2,48,557.6
4,40,9,7,3,92,692.2
3,45,7,8,11,87,697.3
2,44,4,5,14,53,498.7
8,96,4,10,19,47,656.7
7,84,4,4,7,91,812.7
9,99,8,6,17,50,690.2
2,94,7,3,4,36,532
4,89,7,1,1,91,810.9
6,68,4,11,8,68,648
11,51,5,4,13,83,702.5
3,78,5,9,0,60,602.8
8,86,7,4,19,88,858.2
3,42,7,1,3,93,685.7
2,87,6,4,16,56,658.6
3,40,7,7,9,54,492.8
11,66,4,3,1,63,591.1
6,87,9,10,5,52,627.6
2,63,8,6,18,63,643.1
8,83,7,1,8,76,742.2
1,58,7,11,18,78,710.2
7,98,4,4,18,61,727.1
2,47,6,3,8,69,581.7
10,94,9,1,2,63,696.1
6,83,7,3,5,40,532.4
2,86,5,4,5,86,778.8
2,41,5,5,16,71,599.9
10,100,5,6,12,93,901.5
8,69,8,2,12,59,625.9
2,69,8,2,6,55,571.5
7,88,9,6,8,92,858
3,78,7,5,17,65,692.1
8,84,7,1,0,93,811.5
7,71,7,3,19,74,733
8,40,8,11,12,84,687.2
7,77,9,5,7,50,589.4
11,52,7,2,20,94,796.2
6,50,4,1,8,48,472
7,49,6,9,0,40,418.2
5,87,5,5,8,45,573.7
7,98,5,2,19,61,732.5
1,65,4,10,10,72,656.6
1,95,7,4,19,39,601.7
9,94,9,3,3,49,622.9
5,59,9,7,15,72,682
5,56,8,1,13,87,737.1
3,56,7,10,19,50,556.4
5,43,9,4,20,52,537.4
3,44,7,7,17,87,713.5
9,99,5,11,8,67,745.9
9,62,5,10,0,69,617.5
6,85,8,5,2,89,804.5
1,91,5,4,19,86,839.4
7,49,7,4,0,58,515.6
7,85,4,11,2,69,686.1
10,67,8,2,13,41,528.3
10,72,4,8,13,48,571.4
4,82,7,4,12,84,792.4
8,65,8,2,0,64,600.6
6,94,4,9,14,58,689
4,89,8,10,19,49,656.3
4,87,7,7,6,47,587.1
2,68,9,3,15,53,593.7
2,66,8,7,19,63,656.7
4,57,9,1,20,56,595.8
5,79,7,1,0,36,477
8,99,8,4,14,73,802.1
6,49,8,4,19,47,522.1
4,97,9,4,14,70,776
11,81,5,9,18,72,755
7,44,9,6,5,52,495.8
8,49,9,3,5,85,690.7
2,89,9,6,0,49,587.3
7,60,7,2,15,69,657.7
2,63,6,2,17,86,752.6
2,77,9,7,12,51,604.3
8,42,8,3,11,82,669.2
2,79,4,7,17,47,583.3
11,70,5,3,9,56,596.2
9,80,9,2,13,93,855.7
1,76,9,4,19,88,823
9,100,5,4,10,86,851.8
1,41,9,3,17,74,633
10,41,8,9,11,55,528.9
10,78,6,6,16,60,672
2,88,9,5,2,80,760.4
6,81,5,6,20,38,561.2
6,83,9,11,0,41,539.3
1,73,7,8,0,44,503.4
7,81,8,5,5,49,584.7
8,59,8,4,18,60,624.2
2,72,6,7,3,50,540
8,43,7,5,12,74,629.6
9,84,7,4,11,68,717
6,83,6,5,7,95,839.7
5,50,4,11,19,51,535.9
9,100,9,4,6,72,778.8
11,81,7,8,20,50,648.4
9,86,4,8,6,68,697.6
1,44,4,1,6,93,684.7
11,64,8,3,13,90,792
3,88,9,11,17,63,727.1
9,99,8,4,18,87,894.7
11,76,5,2,19,52,625
2,73,8,5,18,45,572.9
4,48,7,11,17,46,506.8
4,45,7,8,5,71,590.9
2,57,9,2,15,36,466
3,53,4,9,2,88,684.2
3,58,7,7,20,90,782.2
1,53,8,6,1,52,492.8
6,79,8,8,14,88,825.4
8,56,9,2,19,72,686.6
3,99,8,5,10,67,746.7
5,74,6,4,18,43,560.9
1,68,9,8,17,49,582.5
10,81,9,1,10,62,678.8
7,56,7,3,2,42,454.2
10,98,9,10,3,94,892.8
1,82,5,8,5,80,736.6
11,47,7,5,11,70,622.2
9,40,7,4,20,73,643.1
8,84,6,6,3,86,784.8
7,92,7,5,11,42,595.2
10,75,4,3,3,76,694.4
7,46,8,11,1,84,665.8
5,85,8,5,11,84,805.6
5,44,9,4,12,53,518.7
11,63,6,1,15,38,498.6
5,67,8,1,3,61,593.1
1,82,4,7,7,47,556.3
8,56,6,4,4,72,624.8
11,76,5,1,13,55,619.9
1,59,8,6,14,60,599
4,42,7,11,10,79,646.5
9,76,4,11,9,92,813.4
9,65,4,11,9,57,587.9
5,54,8,11,5,88,721.4
4,90,9,1,15,64,721.8
3,87,5,8,20,65,724.1
3,47,7,9,3,65,556.3
5,52,5,11,8,50,503.4
10,87,5,3,9,86,810.2
1,42,8,7,4,93,696.7
5,40,7,5,9,76,615.4
6,48,8,3,15,75,658.3
7,70,8,5,10,41,524.7
9,80,9,10,5,51,607.1
3,93,4,7,6,58,650.4
2,65,9,7,11,54,581.4
3,56,9,9,12,73,666.7
9,95,8,8,16,61,737.7
7,73,9,4,8,36,502.6
9,48,9,5,7,94,748.4
2,95,6,5,15,85,839.9
5,90,7,10,20,35,583.3
4,52,4,2,2,68,564.8
2,44,7,7,4,61,524.3
9,80,4,7,20,71,742.5
9,52,6,9,12,84,714
6,40,8,9,17,95,758.3
11,64,4,4,20,40,524.4
6,86,4,5,15,72,740.6
8,43,4,7,13,88,699.2
6,75,6,10,10,94,826.4
1,91,7,7,17,61,707.5
4,49,6,11,7,82,669.4
7,67,4,10,11,50,557
2,96,9,11,18,69,785.5
9,45,4,8,19,61,580.3
8,66,9,8,1,69,646.1
8,95,8,2,8,92,871.8
7,51,6,9,8,89,720.9
4,91,9,11,13,95,900.5
2,87,6,4,14,95,866.3
3,42,5,1,10,70,574.2
6,85,7,1,12,72,735.8
5,72,5,5,4,62,608.6
8,49,9,7,5,90,723
6,70,5,5,4,37,467.1
6,54,7,3,0,91,708.9
1,46,9,11,17,75,663.1
4,75,8,7,7,65,657.9
5,53,8,1,16,37,463.3
11,95,7,11,10,72,781
3,87,7,1,10,87,811.5
9,53,9,2,2,86,698.8
1,42,6,1,7,58,498.4
6,88,9,9,7,60,680.2
6,92,6,4,20,75,799.7
10,85,6,7,20,81,823.3
5,89,6,5,2,62,657.2
5,42,9,7,9,43,451.1
10,61,4,7,18,71,680.7
5,58,4,1,13,87,725.5
6,74,8,1,17,61,663.7
8,51,4,11,2,82,657.6
2,93,4,3,19,37,572.3
6,44,6,10,13,75,639.1
1,49,6,2,10,83,668.3
4,80,7,7,9,62,658.8
10,72,6,3,13,66,673.2
3,52,9,7,0,69,589.5
9,74,7,9,15,41,558.1
3,90,7,11,5,41,562.5
6,71,4,1,17,55,604.1
1,50,6,3,15,66,596
6,87,4,11,18,72,761
4,77,6,6,15,54,620.6
8,63,4,9,4,42,478
11,74,4,5,11,38,514
9,58,4,3,5,60,560.2
4,45,9,8,1,49,465.1
10,79,8,5,15,40,569.2
10,93,4,6,20,82,842.8
6,84,5,2,10,66,685.4
1,83,5,4,11,39,529.7
4,81,5,1,10,78,737.2
7,74,9,4,19,80,785
1,43,7,1,18,92,730.2
8,72,4,4,7,40,498.2
10,52,5,2,17,37,461.7
11,95,9,6,4,63,713.9
6,75,7,6,11,53,603.9
5,93,5,8,9,44,593.2
10,82,6,9,14,41,576.3
11,58,8,8,4,79,688.9
9,82,4,1,16,35,529.7
2,51,8,3,3,35,398.5
5,50,8,6,11,51,520.3
6,45,6,1,17,56,540.4
7,51,6,8,7,70,611.8
5,66,6,6,19,48,570.2
9,80,7,1,16,40,564.4
1,64,5,10,7,64,603.8
7,81,4,2,12,80,757.8
10,42,6,6,2,81,631.9
7,42,9,10,2,67,566.9
4,59,4,8,6,54,529.6
9,67,4,5,17,50,575.4
11,62,4,1,20,38,503.8
5,87,6,10,6,68,703.8
4,42,6,2,1,35,358.7
7,81,5,4,6,47,562.7
4,63,6,4,1,82,682.6
3,82,6,7,6,42,538.2
9,79,4,2,13,56,627.2
11,45,5,7,14,38,444
8,59,8,7,15,68,661.6
1,50,6,7,7,94,727.6
7,71,9,3,15,79,755.7
9,99,6,6,20,71,807.1
8,66,8,6,6,91,777.3
8,60,4,4,10,57,565.9
6,83,5,1,3,54,591.4
11,87,4,9,17,87,847.7
4,89,7,2,12,58,668
8,52,6,9,16,61,599.1
3,61,9,8,11,47,534.1
9,74,7,1,17,39,544.3
2,86,6,11,9,50,607.2
2,61,7,7,6,94,763.6
7,67,8,10,11,72,695.6
10,60,6,3,11,82,718.4
4,85,9,10,12,63,701.9
10,57,6,10,0,60,559.4
8,70,7,9,6,56,596
9,99,5,5,15,58,713
7,100,7,11,15,47,667.5
5,85,6,3,20,77,786.5
8,76,6,8,15,55,633.5
4,60,5,3,15,35,457.1
2,53,4,7,13,38,442.2
11,64,5,7,10,37,481.9
6,66,4,7,18,84,759.2
9,79,9,1,10,57,643.3
1,99,6,11,1,50,617
11,99,8,5,6,79,815.1
10,62,8,11,8,47,540.1
7,70,7,1,8,73,684.7
10,86,5,7,13,65,710.1
9,99,5,8,9,58,696.2
10,68,8,7,15,81,764.1
9,86,4,1,17,92,858.6
10,69,5,3,0,49,522.1
11,90,4,10,1,39,539.5
3,65,4,3,19,83,743.3
11,59,4,7,3,56,543.2
5,77,4,4,1,56,574.8
8,58,7,3,3,45,482.1
8,66,7,6,5,58,588
4,64,8,10,3,79,691.9
11,79,7,6,17,44,596.8
11,77,9,10,4,81,763.7
1,91,5,5,10,68,711
1,62,9,6,12,45,523.1
4,68,7,3,2,91,753.7
6,54,5,10,18,77,692.7
8,98,5,5,19,63,749.1
6,42,4,9,10,56,508.4
9,49,8,4,10,67,607.5
9,54,4,11,20,91,779.3
2,95,4,2,1,42,543.4
10,55,9,5,14,92,784.2
1,56,7,3,7,83,684.7
2,58,9,3,1,66,587.6
5,50,7,4,7,74,626.4
4,87,9,4,19,79,812.5
4,44,5,5,14,57,529.1
9,44,7,7,15,39,454.7
11,97,7,4,12,65,746.9
8,53,9,11,16,63,628.7
6,89,6,7,13,40,578
1,65,5,9,13,86,747
2,47,5,3,0,59,495.1
6,44,6,5,0,59,500.9
11,46,9,4,2,95,733.7
2,55,9,9,14,65,624.5
10,94,5,5,4,92,849.6
5,53,9,10,4,48,498.2
5,76,8,2,3,51,566.3
6,95,8,10,13,50,663.4
6,80,6,1,19,62,685.2
6,43,7,7,6,43,437.1
2,75,8,11,14,85,792.5
10,87,9,1,10,94,872.8
3,95,6,8,13,36,569.2
6,56,8,9,5,38,452
8,86,4,7,9,54,627.6
11,75,6,9,6,75,717.1
1,45,5,10,9,70,586.6
1,55,8,6,13,71,644.1
11,68,5,7,4,40,490
2,75,6,3,0,86,732
11,77,8,9,18,35,552.7
6,76,5,3,7,79,723.9
9,87,7,6,18,84,840.2
4,96,7,4,16,37,589.5
3,87,4,9,18,86,829.6
8,49,9,1,15,71,645.3
11,80,6,9,3,79,743.9
10,75,9,4,7,76,731.2
9,68,9,10,3,92,789.8
11,53,5,5,12,37,453.3
5,43,4,11,6,77,613.7
9,83,6,1,0,67,663.1
2,95,7,1,8,93,859.7
3,81,9,6,3,93,817.5
7,75,5,10,13,49,586.7
7,89,9,1,8,90,844
6,84,8,2,2,90,803.4
6,52,7,3,14,95,772.5
2,85,9,7,4,38,529.6
10,57,8,2,0,49,498.1
6,72,8,5,10,41,528.7
4,60,5,9,18,81,727.5
3,55,5,10,4,38,427.6
11,54,8,8,16,37,486.7
2,93,4,8,18,57,684.9
1,96,9,11,16,48,661.2
11,44,8,2,4,40,425.2
11,100,8,1,19,67,791.5
5,45,5,9,8,43,441.5
2,77,9,10,5,46,556.6
2,42,6,4,20,84,691.2
7,87,7,9,12,95,879.9
8,51,5,11,20,69,651.7
10,75,9,11,10,87,810.3
8,72,9,7,0,65,637.5
4,75,4,6,16,85,779.7
1,72,7,10,5,37,481.3
11,70,5,9,2,90,766.6
7,60,5,10,15,80,719
1,66,6,4,12,70,657
11,66,4,1,11,47,534.7
4,47,4,5,10,47,465.1
8,95,9,6,1,92,857.2
2,76,9,6,18,68,714
6,71,5,1,7,55,574.5
6,65,6,7,12,68,656.6
9,41,5,8,13,76,634.8
5,51,8,5,14,77,675.3
10,61,9,2,16,62,640.4
4,56,8,2,14,90,756.2
5,46,6,11,20,81,701.1
10,82,5,5,9,69,704.1
11,43,9,7,0,48,463
5,76,6,7,11,52,596.2
8,77,5,4,8,53,592.5
10,71,5,11,4,53,573.3
8,50,8,3,14,67,620.9
2,40,7,9,2,85,639.9
7,64,4,7,18,69,672.7
8,81,9,2,6,54,618.4
11,91,4,1,6,63,680.7
6,63,6,11,6,42,492
5,92,4,2,1,59,633.9
11,82,8,3,1,51,590.7
9,95,7,5,11,35,569.7
3,56,9,3,4,72,626.8
10,47,5,10,3,83,661.7
4,98,5,9,6,94,872.2
9,84,8,10,15,87,846.7
6,66,9,4,2,64,613.2
8,91,4,7,20,62,724
7,57,5,4,1,67,583.7
11,66,4,3,16,47,554.1
2,61,8,10,8,58,580.4
3,55,5,1,19,78,687.8
1,41,6,9,7,71,576.5
9,44,7,11,11,56,539.4
7,57,4,1,6,86,697.2
1,42,9,11,13,47,483.5
3,66,4,1,15,74,680.8
4,93,4,1,0,46,558.8
4,56,4,5,9,91,730.7
5,55,8,7,10,75,665.1
3,45,8,7,6,83,661.5
3,90,9,10,17,80,825.4
1,46,8,1,18,41,463.1
7,89,9,6,13,70,757
11,53,9,9,16,63,632.3
10,77,8,6,18,63,701.1
1,79,5,4,12,60,636.6
2,54,8,10,2,61,555.5
4,86,5,9,1,58,621.2
4,86,6,3,8,65,680.7
5,87,8,10,6,41,564.1
11,72,6,4,13,51,593.9
2,82,8,4,4,83,760.1
4,66,6,4,19,67,670.3
1,68,7,6,14,68,665.6
2,96,6,11,19,92,902.2
1,76,5,11,0,52,551.2
10,44,4,7,19,75,655.1
10,68,9,9,6,39,509.3
4,71,6,11,4,35,466.7
4,99,4,3,3,41,561.9
7,92,7,8,10,92,870.4
10,45,7,8,18,68,630.6
11,41,5,1,5,37,388.7
11,45,5,5,19,70,634.6
9,85,6,10,17,69,748.7
9,82,8,5,4,85,786.3
5,43,7,8,19,91,744.5
10,95,4,8,14,46,632.8
1,68,8,2,20,49,581.1
1,98,7,3,19,38,604
6,64,6,2,5,90,744.8
2,48,7,1,3,67,558.7
8,95,5,2,16,50,654.8
9,42,4,10,14,63,567.7
4,65,4,6,17,40,505.6
5,87,5,1,5,83,767.7
11,82,8,6,19,71,765.5
8,66,5,1,18,57,611.9
3,75,4,2,11,47,546.9
5,71,6,8,8,78,715.2
3,40,8,6,7,35,384.7
10,96,9,9,14,91,906.5
3,92,7,1,0,46,567
3,93,9,5,1,61,669.5
7,55,6,7,2,59,545.1
7,90,9,9,18,56,703.6
7,87,8,11,9,68,728
10,50,4,9,13,52,528.6
8,65,4,4,18,75,707.1
5,79,6,4,10,50,587.2
5,94,9,4,20,63,750.9
4,40,8,3,5,64,535.8
7,65,7,8,18,64,662.6
10,67,9,5,13,54,607.8
4,92,9,7,7,81,801.3
2,97,7,10,1,56,649.2
4,48,5,6,17,95,761.5
8,99,6,9,3,76,778.4
9,98,8,3,2,68,731.6
3,83,6,6,1,38,501
7,61,7,3,3,84,703.6
9,47,8,2,17,65,611.9
11,97,4,3,10,85,835.7
4,88,4,2,8,84,781.2
10,81,8,2,7,48,588.4
3,66,6,10,20,42,541.4
5,78,6,11,7,71,697.9
1,58,4,7,4,39,430.1
3,64,4,10,12,42,499.4
8,77,7,3,6,45,549.3
11,60,8,8,20,90,809.8
8,63,6,2,4,63,593.9
4,63,7,11,12,89,771.3
2,99,6,11,19,55,707.7
8,99,4,7,15,73,791.5
8,58,8,3,13,47,531.5
10,89,5,9,4,83,789.9
4,86,8,7,18,53,662.3
3,41,9,9,3,37,393.1
2,53,5,2,10,68,595.4
9,92,7,6,1,72,731.4
1,71,5,5,12,53,575.3
7,81,5,2,15,66,695.4
5,71,7,4,8,81,731.3
8,67,8,4,15,70,693
4,87,7,8,6,85,797.3
7,78,9,7,15,73,748.5
5,79,4,5,12,86,784.4
5,81,4,9,4,87,773.5
9,86,5,1,14,48,610.8
9,79,7,4,6,41,536.5
9,52,7,5,17,54,565.6
6,51,7,8,19,66,633
6,47,9,3,1,80,639.6
5,54,9,5,7,88,725.4
9,65,8,3,9,91,782.9
10,51,6,7,9,65,595.9
8,82,6,10,10,56,642.4
7,90,6,3,20,39,596.5
7,85,8,7,20,65,738.1
6,66,7,2,7,49,536.5
5,57,6,7,15,78,695.8
4,84,7,9,15,95,875.1
3,75,5,5,16,51,593.9
3,88,6,6,5,90,815.6
6,90,5,10,17,87,852.3
4,66,8,11,16,71,699.3
6,48,4,3,11,53,506.1
3,94,9,10,14,44,629.2
4,78,8,5,6,78,732.6
9,40,8,5,13,68,597.4
5,46,8,3,3,83,653.5
7,65,6,8,16,59,623.9
10,46,5,6,10,71,611.7
2,91,9,3,5,92,843.2
5,46,6,1,9,62,547.2
9,47,4,10,14,49,505.7
11,55,9,1,5,54,541.8
3,42,8,11,15,89,720.9
9,84,7,10,11,47,608.7
11,49,4,2,18,54,547.2
6,89,5,10,15,77,787.5
4,46,4,5,13,65,571.3
7,60,6,7,5,52,531.8
8,92,7,1,8,75,763.7
6,76,6,1,0,82,718.6
5,70,9,4,7,90,783.2
6,62,8,10,6,62,606.6
5,96,8,6,13,81,830.1
8,66,4,9,7,38,475.2
1,95,8,1,10,58,676.4
11,61,8,11,8,78,709.6
7,78,9,10,18,79,795.3
10,96,5,5,6,43,592.9
10,66,5,9,5,81,713.3
11,93,6,8,17,84,856.8
2,88,6,7,4,86,789.4
9,43,5,10,18,66,605.2
1,63,4,2,10,93,756.5
11,62,5,9,4,66,617.4
10,87,6,8,8,88,828.2
6,58,7,11,7,73,655.3
9,81,8,10,10,55,644.7
1,42,9,10,5,92,702.6
4,66,7,9,14,78,724.2
4,42,7,9,5,76,610.6
9,67,8,9,10,95,821.5
11,56,5,3,14,73,664.7
5,70,4,7,11,80,723.4
5,49,7,1,8,61,551.7
6,88,4,9,9,81,780.5
1,61,9,9,14,70,668
1,69,9,3,16,42,537.6
9,88,9,5,15,53,670.1
3,60,6,8,7,63,592.3
4,75,7,6,16,53,616.9
1,92,9,10,10,39,578.1
9,62,6,10,10,56,584.4
8,77,9,9,5,69,693.9
2,51,5,3,1,44,428
8,64,7,7,0,49,516.7
7,93,6,6,19,36,589.2
11,96,9,5,5,87,851.1
6,59,6,4,4,76,651.8
1,88,9,5,8,56,646.8
7,88,5,4,4,82,769.4
10,81,4,3,17,69,721.5
7,46,9,7,18,73,662.7
9,68,4,6,14,53,585.9
1,87,7,4,14,81,791.7
2,68,5,9,8,46,521
11,52,7,1,13,95,776.7
9,42,4,1,4,68,550.4
9,41,5,9,16,79,662.7
6,55,8,7,14,92,774.2
6,69,5,2,19,54,605
4,77,5,11,16,85,796.1
4,45,8,10,8,41,442.9
5,84,6,5,12,58,654.2
3,46,6,4,12,37,419.5
1,44,6,1,4,40,395.2
1,95,4,9,13,67,728.1
7,46,5,6,6,87,680.1
1,73,9,11,4,68,661.4
1,71,8,6,11,67,663.3
3,88,9,4,2,63,667.7
10,52,4,2,8,57,536.7
4,69,8,8,9,92,796.4
4,64,9,8,0,38,458.2
2,60,4,3,13,39,463.9
1,99,4,7,0,68,699
3,98,4,7,9,50,631.6
11,60,8,5,10,74,684.2
4,67,9,5,19,81,764.7
3,87,9,8,1,77,743.1
8,97,7,4,1,95,868.5
10,59,4,1,10,76,667.8
1,73,6,1,7,37,475.9
2,44,5,9,2,89,665.1
7,57,7,4,8,77,671.3
4,99,7,1,15,83,844.5
8,78,8,2,15,76,756.6
11,82,7,10,9,83,797.9
3,96,9,7,5,48,623
6,96,8,2,19,89,891.7
9,50,8,1,19,67,637.5
1,93,6,10,19,62,725
1,56,4,9,10,91,732.9
8,87,7,5,7,75,750.1
3,84,4,4,19,90,840
5,61,4,4,0,90,710.4
1,76,4,11,5,49,547.3
5,59,8,1,7,38,456.2
11,87,4,3,13,54,645.4
6,99,7,1,2,87,826.3
8,93,8,5,1,59,664.1
3,93,7,5,0,69,701.3
3,87,8,9,10,86,820
11,87,5,8,20,92,888.6
11,85,5,5,5,87,800.5
10,45,5,5,7,73,608.3
9,73,5,7,6,87,766.3
4,53,8,2,5,91,722.1
4,87,4,7,17,56,660.8
7,62,6,1,11,69,644.5
2,59,9,5,7,88,734.4
8,52,6,6,20,88,757.6
6,86,5,11,18,81,811.9
3,83,4,10,4,62,639.2
9,80,7,1,18,44,593.2
5,71,4,9,8,50,553.6
8,65,7,9,11,83,746.5
7,89,6,1,14,57,669.7
8,92,4,4,12,53,646.7
7,53,4,8,12,35,433.5
3,91,9,2,20,35,581.5
2,96,6,11,20,87,878.1
7,75,4,8,4,80,719.8
3,47,7,10,1,92,699.2
3,79,4,9,18,60,662.6
2,61,7,9,7,68,626.4
4,61,5,1,13,36,456.4
8,55,4,9,5,62,567.4
1,66,7,4,6,54,553
1,95,6,8,13,76,785.2
5,99,5,9,5,81,802.3
11,100,4,3,15,61,729.7
5,99,9,6,3,62,705
11,49,7,3,6,94,740.8
1,64,9,1,15,65,643.3
6,70,4,10,3,81,707.3
1,60,7,6,6,41,465.9
5,66,4,5,20,42,530.6
9,56,5,3,1,66,578
5,72,5,4,7,45,524.1
6,70,4,2,9,82,723.6
8,89,4,10,1,60,646
11,81,8,10,5,89,818.7
1,65,4,4,3,59,554.1
2,60,4,4,20,41,499.9
9,75,9,3,0,54,583.2
3,40,9,6,5,75,602.3
6,43,5,1,11,91,702.1
5,43,9,9,13,85,701.1
11,65,4,11,14,92,801.4
2,43,6,10,17,64,581.2
7,88,4,3,16,90,848.6
4,48,8,3,8,35,410.5
1,69,7,3,14,52,577
4,90,5,7,17,42,597.2
6,84,9,8,20,63,727.7
7,43,6,2,17,74,636.6
7,44,7,1,4,56,499.6
7,100,6,5,15,66,760.4
3,84,5,8,8,74,723.8
6,62,9,3,2,48,512
8,55,8,6,11,90,755.8
4,61,5,3,13,36,458.8
8,76,6,6,0,69,657.1
2,47,6,4,8,41,428.9
10,87,5,11,8,37,546.9
9,72,4,7,19,95,847.1
9,94,5,11,12,49,645.5
8,99,9,10,7,77,811.9
10,77,9,1,10,68,699.8
10,82,8,1,13,56,654.6
1,55,5,5,15,52,532
2,44,7,9,10,80,651.6
6,55,9,5,18,52,569.8
10,46,9,4,9,93,744.5
5,90,9,8,7,68,727
9,40,4,5,10,70,580.6
5,48,7,1,7,80,649.8
2,57,5,7,19,73,671.5
10,84,4,11,9,81,778.9
4,97,9,4,16,72,793.8
9,86,7,10,10,71,743.3
1,42,7,5,11,86,675.2
11,63,4,6,9,52,552.4
1,67,9,7,19,77,739.1
7,49,4,11,16,74,653.2
11,48,6,2,2,63,548.1
3,52,9,1,6,46,476.2
10,87,4,3,2,52,595
2,74,5,10,16,65,671.9
9,93,9,1,7,49,631.1
3,62,8,4,20,93,811.5
2,86,9,6,18,74,777
8,56,6,5,13,92,766.6
10,85,4,11,4,64,671.4
6,46,8,4,18,70,636.2
6,91,6,7,12,62,701.6
10,55,5,11,17,87,756.5
11,92,9,11,10,49,654.3
7,79,8,6,11,77,754.3
7,75,4,3,7,67,652.5
11,59,4,9,11,36,462.8
6,63,5,5,0,93,740.5
4,86,6,10,17,42,593.2
11,44,8,1,1,82,644.8
9,84,5,6,11,67,705.1
6,45,6,5,18,69,620.1
4,67,7,10,6,52,558.2
3,98,7,8,6,60,690.8
4,44,6,4,0,82,622.2
3,88,4,1,17,55,649.1
2,78,4,11,7,62,633.6
5,77,7,2,9,54,601.8
2,41,4,8,0,86,627.2
6,82,4,10,14,79,769.7
3,78,6,8,14,54,620.6
6,93,9,5,3,93,858.3
11,60,6,6,9,38,475.2
10,79,4,2,7,70,685.8
9,76,6,11,13,88,813.8
1,98,8,9,12,68,756.8
6,57,7,6,20,79,723.5
9,93,9,9,16,47,660.3
11,87,8,11,6,65,709.3
4,85,8,10,5,86,800.2
11,51,4,3,8,73,624.9
2,56,4,6,19,41,486.9
4,76,8,10,19,51,628.3
1,85,8,5,7,76,740
3,77,5,9,13,46,567
10,54,5,10,19,91,781.1
9,46,7,1,2,89,684.3
10,53,8,9,12,93,777.3
5,89,6,5,20,88,861.4
11,40,9,1,8,64,562
6,77,5,10,20,82,796
3,42,4,8,8,68,560.4
5,76,8,7,10,56,623.6
11,83,6,6,5,55,624.1
8,70,9,2,11,43,541.9
6,82,6,5,3,46,553.6
4,52,6,3,3,51,484.7
2,87,4,2,16,50,614.4
9,57,5,10,6,39,457.9
1,56,6,1,5,53,506.1
1,56,9,9,19,91,785.5
4,100,5,2,7,62,697.2
7,50,7,11,6,51,508.9
1,59,4,1,7,56,529.6
9,49,5,7,8,69,602.1
4,68,5,9,0,83,701.3
3,87,6,6,2,93,818.9
1,73,9,8,17,49,597.5
10,56,6,11,18,53,580.3
4,93,9,7,10,81,814.5
9,91,4,9,15,84,832.4
10,81,5,7,17,60,681.2
6,52,8,6,5,78,656.4
6,83,9,1,1,94,822.2
1,86,9,9,3,78,749.6
10,78,6,10,4,90,801
2,66,6,5,20,69,681.9
11,93,7,2,13,77,801.9
6,92,9,11,0,57,654.3
2,65,4,8,13,44,512.4
3,67,5,4,20,56,609.8
4,52,5,3,12,81,675.9
11,51,5,1,15,89,738.7
5,83,9,5,3,45,562.3
9,67,6,3,5,89,755.5
4,41,4,4,8,60,510.6
11,76,5,9,0,35,475.3
9,96,9,11,16,86,886.2
11,96,8,7,3,70,748.8
10,73,7,11,5,87,778.5
3,62,7,5,15,92,785.8
8,97,5,8,6,55,661.5
1,91,6,6,4,42,553.2
11,84,7,10,8,54,641
9,68,7,2,18,79,750.9
9,74,7,7,0,51,559.7
10,50,7,1,7,49,495.3
2,87,5,3,19,55,657.7
4,72,9,1,3,35,467.5
8,90,4,1,16,94,876.2
7,50,4,5,0,37,391.1
1,48,6,6,1,65,540.5
5,53,9,3,20,90,775.2
7,48,8,3,13,92,747
4,78,4,3,1,65,624.1
1,87,8,1,0,55,601.9
9,42,4,5,12,57,521.9
5,68,4,1,7,51,537.1
11,58,6,10,8,56,569.6
2,75,7,10,19,94,853.4
8,71,6,3,20,90,822
11,46,4,6,1,56,496.2
2,94,9,11,16,70,778.2
3,67,7,6,5,93,773.5
10,83,9,3,2,42,550
1,57,9,9,19,81,733.5
11,99,9,8,16,42,653.6
2,44,7,11,5,48,461
7,62,9,3,7,72,663
10,94,7,5,13,58,702
2,61,8,5,9,94,775.8
6,65,4,5,19,56,603.2
3,81,5,3,9,49,574.7
4,51,9,5,14,54,551.2
11,79,6,5,7,61,650.7
8,58,8,4,10,62,605
3,86,6,4,15,56,654.2
10,40,5,2,2,65,528.7
6,42,7,9,14,43,463.7
1,66,5,7,12,90,766.2
7,57,6,1,10,57,560.1
8,89,5,5,13,39,569.7
11,69,4,2,6,79,703.9
8,41,5,10,18,73,635.7
3,44,9,6,14,51,512.9
10,68,4,7,5,74,674
1,72,9,2,19,39,539.1
9,81,5,11,6,89,806.1
6,59,4,6,13,41,483.5
11,69,4,3,3,42,491.4
9,81,5,9,8,41,546.5
7,44,8,4,6,56,514.4
1,89,7,3,14,78,780
1,60,7,11,2,72,628.8
6,97,7,3,4,87,829.5
5,54,4,2,16,55,548.9
9,59,7,9,0,38,445.6
2,47,4,8,0,66,535.2
8,88,8,5,15,89,861.7
11,70,5,9,13,63,655.5
5,51,5,2,10,94,738.4
2,60,4,6,13,93,764.5
10,69,4,7,7,64,628.8
11,66,8,6,18,37,527.1
11,83,7,3,1,39,523.3
6,65,8,10,9,53,576.3
10,72,5,10,4,42,514.6
8,65,5,10,14,71,683.1
4,65,9,9,0,65,610.9
2,75,7,8,1,61,608.3
11,79,5,8,18,47,610.3
5,40,9,8,16,76,651.6
2,98,4,9,14,40,594
2,54,5,1,17,35,439.5
6,89,6,8,20,64,735
11,40,7,2,7,45,446.5
10,50,9,4,20,86,755.4
9,94,7,1,13,75,788.7
4,41,7,6,7,65,550.3
6,40,6,10,7,50,469.2
7,70,8,1,18,49,591.1
11,83,4,5,12,39,549.9
6,55,7,9,4,49,501.7
8,93,5,1,9,35,541.3
4,61,4,9,6,49,509.3
1,81,5,4,8,70,684
7,57,4,3,13,94,767.4
3,86,4,8,5,82,759.2
6,56,9,6,9,88,741.4
2,69,5,7,0,73,642.9
9,49,5,9,10,89,721.3
1,74,4,5,7,42,502.4
6,97,7,2,5,87,831.7
6,60,5,3,16,56,580
5,55,6,3,3,61,550.7
5,45,6,4,5,93,704.7
1,42,4,10,14,68,579.2
10,80,8,7,9,64,686.2
5,82,4,10,16,46,593
2,60,4,6,9,92,745.4
7,52,7,3,4,94,735
3,57,7,7,18,36,475.4
4,97,9,4,6,80,803.8
3,93,8,10,18,85,860.9
3,99,8,11,9,86,855
4,63,8,11,18,72,702.6
5,66,8,8,10,56,594.8
1,93,8,7,2,85,798.9
4,43,4,7,10,51,477.5
11,61,4,9,5,69,629.9
8,63,9,8,5,86,744.2
10,79,6,1,14,91,832.7
7,84,6,7,2,76,725.6
9,49,9,3,10,90,737.2
5,41,9,4,7,79,635.7
10,79,5,6,7,86,783
4,45,4,5,15,57,531.1
8,87,8,8,2,63,675.1
9,57,5,2,7,63,583.7
7,56,7,5,7,91,743.1
7,77,4,5,12,84,771.4
5,84,9,3,0,53,596.7
4,62,6,10,9,51,543.5
10,85,4,5,4,42,543.2
1,69,9,4,4,84,729
10,97,4,11,16,41,621.7
10,60,4,5,13,89,757.3
7,49,4,10,5,45,455.1
1,95,7,9,13,37,576.3
1,82,6,7,11,36,518.2
5,52,4,1,19,53,540.9
9,51,9,3,0,62,555.2
6,48,7,9,4,90,706.2
3,43,5,4,17,62,560.6
3,78,4,4,13,59,631.1
7,63,7,10,6,45,513.7
6,100,8,6,14,74,809
9,93,5,3,8,77,773.3
6,73,6,3,14,36,506.6
5,78,4,9,15,46,576.4
10,100,4,5,8,95,893.3
7,80,7,7,6,75,726.1
1,44,6,5,6,72,582.8
7,54,8,6,16,46,525.8
3,89,5,8,10,84,800.6
9,43,9,8,5,59,537.7
6,90,6,2,13,71,745.5
9,91,4,11,14,65,726.9
5,97,7,9,20,88,894.6
7,78,8,10,7,51,599.5
4,97,7,6,3,82,798.2
7,47,5,7,0,46,438.4
1,88,6,3,5,95,835.5
7,84,7,4,0,64,653.6
8,63,9,6,20,36,517.8
5,92,9,7,4,50,622.6
2,67,7,6,18,35,496.7
5,94,4,5,4,86,802.2
6,82,7,2,4,68,678.8
2,66,8,7,16,79,734.5
6,40,6,5,11,82,652.8
6,73,5,9,6,35,476.7
1,56,9,11,14,85,737.9
1,76,7,4,18,70,711.8
11,77,8,10,20,86,841.2
10,65,9,2,12,37,501.3
3,96,9,7,11,68,753.4
10,63,5,7,18,46,553.6
10,78,9,1,12,90,830.6
3,99,8,11,5,92,874.4
4,60,9,5,0,79,668.1
2,69,9,3,5,61,606.7
9,86,7,9,12,84,820.4
10,90,7,9,12,71,762.9
11,87,6,7,12,89,848.1
7,96,4,9,19,59,719.5
7,52,8,2,3,46,470.8
6,76,4,11,4,85,751.9
3,42,4,10,12,67,570.9
6,71,9,8,8,43,537.9
8,74,5,10,16,35,518.9
8,58,5,10,2,90,725.8
11,53,9,10,19,84,759.2
9,87,8,1,17,57,686.7
1,61,4,3,14,62,594.8
1,56,6,8,0,37,409.5
3,98,4,11,8,72,754
3,43,5,8,5,88,667.6
10,84,4,10,17,70,744.4
8,79,7,8,0,90,788.4
10,58,7,11,6,78,687.4
1,76,6,11,9,78,729.2
2,41,8,7,5,39,402.1
2,54,4,2,6,89,695.9
3,41,7,3,5,63,526.9
6,50,8,9,7,87,710.3
1,84,7,2,1,47,549.1
2,62,8,7,8,78,689.8
1,49,8,1,8,38,421.6
5,42,7,3,6,40,410.8
7,44,9,1,8,85,681.5
8,42,5,6,16,72,621.6
10,77,8,4,2,40,517.8
1,52,9,1,15,45,497.3
7,81,4,5,15,61,667.1
5,58,9,4,1,88,715.8
10,79,7,11,10,80,775
1,89,9,10,15,93,883.1
3,74,5,11,14,69,690.3
7,63,7,10,0,95,768.3
10,63,6,2,20,74,712.8
1,56,4,7,16,38,459.4
7,79,6,8,2,61,629.3
5,49,9,4,18,50,537.6
1,41,8,9,19,52,521.6
1,83,9,3,6,41,540.1
1,62,8,6,10,45,511.9
11,45,6,11,17,42,485.4
9,41,6,7,13,93,731.5
11,60,8,7,15,86,769.6
3,94,5,6,5,40,554.2
5,95,4,9,1,90,821.8
11,74,7,1,10,82,761
10,88,6,9,10,39,569.7
9,68,4,9,9,91,781.5
6,46,7,4,3,40,415.8
9,68,9,5,16,72,718
8,92,7,3,9,94,874
8,76,6,7,8,95,828.5
1,62,5,2,12,36,451.2
9,72,5,8,10,65,657.1
6,47,4,9,9,73,613.5
9,51,9,6,4,66,594.4
3,85,4,9,2,43,532.7
3,87,8,6,3,49,589.1
6,49,5,3,2,55,493.9
9,54,4,10,9,80,680.2
7,92,8,3,12,87,848.1
3,63,9,2,4,62,591.6
3,65,7,5,12,79,713.1
2,86,4,4,0,61,619.9
9,81,8,6,10,39,551.9
3,92,5,5,2,51,597.3
11,99,7,6,16,71,801.9
5,78,4,4,18,92,833.6
9,97,5,3,12,58,694.4
8,42,7,1,15,65,582.5
2,41,6,5,17,69,596.7
3,45,5,6,19,75,647.3
2,60,6,5,18,75,690.1
8,48,9,5,5,88,706.6
6,49,4,6,6,38,413.2
6,75,8,4,14,54,621.6
9,98,4,4,4,77,771.5
8,42,5,11,15,51,508.7
4,80,6,8,5,80,741
4,63,6,11,2,44,485.4
9,61,7,8,11,71,669.3
1,88,4,3,3,55,599.9
2,53,4,7,2,55,498.3
2,81,5,5,15,94,843
6,84,6,5,15,83,803.9
4,83,5,3,18,50,618.8
11,66,5,2,14,67,660.5
10,72,9,3,8,44,548.4
3,99,6,7,19,78,831.4
3,61,5,3,1,52,504
3,68,6,11,5,67,635.1
6,58,5,2,13,63,601.1
8,58,8,4,8,65,614.7
11,45,5,5,9,58,534.6
7,84,5,7,17,94,871.2
4,58,8,1,14,46,519
11,52,4,8,3,54,512.4
4,98,6,10,4,40,574
11,65,7,3,20,42,550.4
10,61,8,11,5,48,532.4
11,60,4,6,14,39,488.9
11,75,5,4,19,88,822.4
11,95,9,5,1,70,741
2,41,4,10,15,88,691.6
1,86,8,6,4,82,767
9,83,9,2,3,72,715.2
2,69,5,3,0,37,440.1
8,66,4,8,7,70,650
9,46,7,8,20,56,572.4
4,59,6,1,9,42,474.2
8,89,6,10,14,95,891.5
9,70,8,8,1,48,540.2
10,62,5,11,18,41,527.9
10,52,5,2,11,38,446.8
5,56,6,10,9,53,538.5
7,43,4,10,11,77,633.5
10,96,5,8,20,81,853.1
4,53,7,10,19,58,593.4
1,59,7,5,8,50,518
3,99,5,1,7,40,570
5,52,5,8,1,78,630
3,42,6,5,20,42,463.4
11,65,8,1,6,59,598.3
7,65,6,4,3,66,613.4
9,57,8,1,18,59,611.1
6,71,7,9,7,44,532.4
10,53,8,10,12,77,690.5
1,86,6,2,20,75,769.3
7,42,5,8,2,92,684.4
3,40,8,4,4,51,460.1
5,65,6,9,19,94,823.8
10,63,7,2,7,80,706
4,88,9,3,1,37,522.1
10,74,8,2,9,43,546.7
5,53,7,10,15,86,735.8
5,42,7,5,3,92,689
6,52,4,11,13,94,760
10,86,9,1,2,52,611.6
10,89,8,3,9,83,812.9
11,53,6,1,12,64,601.4
6,60,8,10,4,39,467.3
8,65,8,8,16,86,783.2
8,42,9,4,16,66,603.8
11,90,7,3,10,87,838.9
9,79,7,8,18,61,692.1
8,43,7,9,17,55,546.9
11,75,7,8,16,58,660.8
2,90,9,6,10,72,750.8
10,82,6,3,14,37,547.1
11,40,5,8,7,50,472.4
1,79,4,5,11,49,569.5
10,86,7,5,16,59,693.7
2,72,7,9,4,42,506.2
2,46,4,1,3,75,583.5
3,92,7,7,10,38,564.2
10,91,5,8,7,66,711.4
7,91,8,11,15,79,820.9
2,95,4,10,15,90,864.6
1,50,6,3,2,93,700.3
6,66,4,8,11,69,654.1
9,100,5,1,12,87,860.5
3,53,9,8,0,64,566.2
6,61,6,7,3,73,641.5
3,55,8,4,20,82,730
1,85,7,11,5,83,774.5
5,51,4,7,4,64,554.6
10,88,6,10,4,51,616.5
11,85,4,11,20,53,667.3
4,49,8,7,9,86,702.2
7,63,4,10,18,65,651.3
6,100,6,1,17,51,677.9
10,85,5,3,1,90,799
7,57,9,7,15,36,482
5,61,6,11,14,93,791.7
4,48,4,5,4,71,579.7
7,56,8,9,20,82,747
7,77,7,7,8,63,657.9
6,79,7,3,4,64,649
8,97,8,1,4,88,841
4,52,4,5,8,77,638.3
10,89,9,10,8,56,673.8
5,76,8,5,1,72,678.6
4,45,4,7,6,45,436.9
1,60,6,1,0,67,578.1
8,90,9,10,19,53,693.7
1,75,5,2,1,37,458.3
5,46,4,11,11,74,623.2
6,75,7,6,5,56,600
6,64,7,8,19,52,595
5,50,9,4,18,79,700.1
3,83,5,3,15,64,683.6
5,53,4,3,3,35,392.9
8,84,5,3,17,54,648.4
2,68,6,2,4,83,706.9
6,49,5,1,17,39,454.5
9,89,6,5,5,46,587.4
8,87,7,10,13,45,611.5
11,44,6,5,19,58,570
8,47,4,5,16,92,741
8,85,9,4,17,52,659.2
7,44,9,3,20,42,488.2
8,97,4,3,9,63,705.3
6,99,4,2,18,90,885.2
2,63,4,5,17,56,582.4
2,79,8,4,3,90,786.2
8,96,6,6,19,79,836.7
11,65,4,2,14,36,482.6
1,45,9,2,5,57,509.5
6,55,5,8,5,50,500.6
6,99,5,6,2,78,774
11,75,8,3,8,42,544
4,51,6,5,10,38,436.4
11,50,6,3,4,48,479.6
11,42,6,11,13,43,468.3
10,83,9,2,1,45,561.9
3,76,9,3,18,82,789.4
11,45,8,1,7,72,613.2
3,58,6,7,12,78,684.6
1,57,6,6,18,85,735.3
3,55,4,5,4,50,483.2
4,62,6,6,14,47,533.7
11,82,9,8,3,70,712.4
11,76,4,3,3,78,710.4
5,48,4,3,17,70,618
3,42,6,5,18,51,506.1
6,47,5,5,19,48,509.6
11,77,7,11,8,63,670.7
5,43,9,1,14,92,733.4
3,51,5,4,11,51,503.7
6,83,6,9,3,35,500.9
6,70,6,8,2,54,561.8
8,64,5,3,4,67,615.7
2,92,6,5,16,88,850.8
1,55,9,5,4,36,424.2
4,81,4,7,3,51,567.7
7,93,8,8,20,57,719.3
11,53,6,9,6,56,546.6
10,52,6,7,6,35,423.7
3,80,5,2,6,46,543.8
3,46,4,8,16,47,484.1
5,51,5,8,14,48,506.2
5,76,9,11,6,44,553.2
10,89,5,2,14,46,612
3,43,6,6,19,91,733.7
9,41,4,10,3,56,488.8
4,74,9,1,1,52,560.2
3,97,6,11,12,73,778.9
11,83,9,7,11,53,647.9
2,42,6,10,9,64,551
10,43,6,2,18,49,508.5
11,77,6,5,14,73,734.5
9,51,8,7,16,48,533
4,58,7,10,20,43,529.3
3,49,4,11,5,39,415.3
7,40,8,9,4,67,562.1
8,56,7,1,20,82,735
11,55,9,9,12,39,492.7
2,48,7,11,13,58,555.2
7,96,7,5,13,42,614
5,92,8,6,14,53,667.5
11,48,4,8,15,86,717.2
5,98,5,11,9,46,622.8
3,94,7,2,0,42,552.2
5,48,5,7,10,42,449.4
2,51,5,4,6,89,693.7
4,94,6,9,16,72,777.6
6,80,5,6,3,54,588.4
1,54,9,7,6,92,738.4
10,41,9,11,2,63,549.1
4,50,6,6,19,75,668.7
6,50,4,11,13,68,611
9,47,4,8,17,52,530
11,94,9,6,17,35,601.1
11,71,6,7,0,45,517.3
2,45,4,8,5,81,628.7
11,92,7,1,8,78,786.2
7,59,4,10,1,69,603.5
6,78,6,4,7,85,768.5
2,74,9,6,19,86,810.4
8,47,7,1,3,66,562.2
7,89,5,4,20,85,843.3
11,88,5,6,9,76,763.8
5,82,5,7,0,50,561.4
5,73,9,6,10,40,529.8
7,96,6,11,8,43,605.3
9,92,5,4,18,74,789
11,98,4,7,10,56,684
9,95,5,10,3,82,798.2
9,58,8,2,4,42,474.2
6,46,9,6,20,90,759.8
10,70,8,5,16,66,688.6
6,57,5,2,17,60,595.2
3,79,5,9,4,88,773.4
1,53,8,7,17,52,548.4
7,78,9,3,16,71,736.1
4,99,9,7,2,86,832.8
1,92,5,11,10,46,600.2
8,99,9,11,16,72,816.2
6,98,7,6,7,68,741.8
6,75,9,7,7,38,517.8
2,56,8,4,1,50,490.4
1,76,6,10,6,95,811.3
2,83,8,8,20,58,684.8
4,48,4,8,19,48,507.8
2,97,7,7,20,51,682.7
1,59,6,7,5,85,698.3
7,84,5,10,19,65,722.1
11,96,4,8,17,38,604
11,67,4,1,6,84,724.2
8,89,7,6,17,78,807.8
6,59,6,2,11,68,629.2
4,80,4,1,6,72,683.2
6,75,6,10,6,72,691.8
3,92,6,7,0,37,520.3
8,66,9,6,9,42,522.4
10,47,4,5,9,46,468.2
2,71,6,5,11,69,666.3
5,40,7,9,2,36,376.4
1,56,4,9,2,87,683.7
6,96,7,6,12,63,725.3
2,48,7,3,12,57,536.7
4,59,6,7,5,67,605.3
6,84,6,4,2,84,764
10,71,9,5,14,52,612.2
11,41,9,7,8,74,627.2
8,71,4,7,20,92,829
8,84,9,10,5,56,644.6
11,48,5,8,5,48,478.6
6,69,4,1,7,63,608.1
4,59,7,5,10,79,690.3
8,77,9,9,18,49,628.1
8,99,9,7,15,49,681.5
10,40,9,11,8,79,654.5
1,99,6,2,10,38,570.8
4,96,7,1,15,70,764
4,44,9,8,5,39,420.7
7,74,8,9,16,37,539.9
11,75,8,10,15,46,598.2
7,40,7,5,19,54,532.4
11,53,9,11,20,78,730.8
8,48,5,6,17,54,544
11,69,5,2,0,73,654.9
5,63,4,11,17,73,689.1
7,43,4,5,7,35,382.9
8,89,9,4,9,78,787
9,53,4,8,1,37,411.1
3,64,6,8,8,81,706.7
3,43,5,5,3,43,409.7
4,64,7,11,10,88,762
5,49,9,8,9,88,720.8
10,74,9,6,13,54,630
1,94,8,10,6,92,857.6
7,46,5,6,18,43,478.9
9,81,5,4,5,65,662.3
8,52,5,10,15,80,697
5,43,4,11,18,62,572
4,89,6,3,18,69,745.7
7,82,7,9,12,74,749.4
5,96,4,5,11,95,881.5
7,75,6,10,14,72,721
1,95,5,10,7,78,773.8
1,53,6,4,3,36,400.4
10,57,4,6,19,37,483.9
3,47,5,4,7,48,461.6
11,71,4,6,20,51,608.3
2,66,7,10,15,69,675.3
2,81,5,8,15,38,538.6
7,76,6,8,1,81,726.9
10,62,4,6,16,64,637.2
2,46,8,1,4,88,676
11,51,6,1,4,92,722.2
4,64,6,3,11,73,668.9
2,42,5,2,6,85,642.3
6,65,9,1,4,48,525.4
8,43,6,1,3,82,633.8
10,81,4,6,16,61,677.7
4,75,8,7,5,47,552.1
5,54,7,8,13,89,746.1
4,71,8,3,8,95,809.5
3,68,4,1,3,54,536
5,49,5,5,10,83,675.5
9,60,4,8,19,83,746.3
8,93,9,11,20,58,734.8
8,55,9,11,15,44,526.8
8,86,9,4,15,41,594.9
8,58,6,2,15,86,742.8
7,68,5,9,5,51,548.3
8,91,9,9,14,56,695
11,90,7,3,2,93,844.7
8,57,7,7,8,78,682.4
8,97,4,1,0,45,573.3
10,83,9,8,10,76,770.2
7,96,6,8,5,57,668.5
1,55,7,3,4,88,699
4,40,8,5,17,94,744
4,87,5,4,20,56,671.8
5,41,8,7,11,74,621
10,95,7,11,6,81,814.9
6,54,7,7,1,88,700.6
4,78,4,11,6,52,579.2
2,67,4,8,8,89,748.9
6,40,9,5,19,79,676.7
8,44,5,11,7,60,537
8,81,9,5,8,82,782.8
7,61,4,8,9,64,606.8
6,92,6,5,11,47,616.3
2,75,5,1,1,38,464.6
7,85,6,11,9,77,762.7
11,52,9,3,2,61,563.5
5,40,4,2,0,85,617.5
6,55,5,10,16,74,672.4
10,94,9,5,0,44,589.6
8,80,7,8,4,78,739
8,61,9,9,13,62,634.6
3,71,8,9,5,55,584.5
7,55,7,1,8,86,711.2
1,90,6,1,13,45,591.3
1,54,7,1,3,54,503.2
7,97,9,1,0,87,824.3
10,85,7,9,5,94,850.6
9,91,8,1,6,70,732.8
7,81,9,7,20,53,664.5
10,92,8,6,5,86,828.4
5,51,7,9,0,44,446.6
8,99,8,11,7,49,654.7
2,40,7,9,11,79,637.5
9,92,5,4,10,79,789.3
6,56,7,9,1,87,703.5
9,80,4,6,1,94,803.2
2,94,8,5,1,52,616.6
3,90,8,9,7,41,571.3
8,96,6,7,20,64,758.8
1,89,6,9,6,48,590.6
10,67,4,5,15,71,686.1
7,46,8,4,8,75,631.7
7,48,8,10,15,64,608.2
1,61,6,3,1,88,702.4
9,65,6,5,2,61,587.7
8,92,7,9,1,83,793.5
4,51,9,3,18,91,765.9
10,46,8,1,16,71,639.3
11,85,8,2,19,82,830.2
5,86,7,10,20,75,791.3
2,54,8,5,11,51,525.1
9,77,4,3,10,64,656.2
6,60,6,6,19,52,576.2
3,53,6,11,18,37,469.3
7,41,9,8,5,62,544.2
9,47,6,6,9,71,613.7
3,84,5,10,13,64,688.2
2,94,4,9,0,88,798.4
7,45,4,6,14,55,523.9
7,76,7,5,5,83,752.3
4,76,5,4,12,54,600.6
11,96,8,2,13,56,699.8
9,72,9,6,12,70,706.6
8,80,4,2,15,70,712
1,45,5,5,0,55,467.5
1,91,5,1,13,58,661.4
5,65,4,3,12,55,569.5
6,78,7,10,9,41,544.9
3,80,5,5,9,42,535.6
9,76,6,7,3,56,599
10,53,5,8,13,56,562.8
6,76,8,7,11,64,673
4,47,4,7,5,68,566
7,78,8,11,14,63,690.5
8,52,7,2,4,95,741.3
9,52,9,6,9,44,493.4
11,79,6,5,8,39,533.1
6,82,4,11,9,83,775.9
6,67,5,9,11,91,783.7
8,97,6,10,3,73,757.1
5,57,5,11,3,68,600.4
3,96,7,4,12,72,766.4
3,58,9,7,13,44,514.2
6,77,4,11,11,43,547.7
2,71,7,8,12,94,815.2
6,61,7,6,19,66,660.6
6,41,9,3,12,39,433.5
8,99,7,11,1,69,739.9
7,52,7,5,20,45,522.3
8,62,5,1,18,76,704.4
9,64,8,8,8,50,557
6,67,5,11,9,61,614.3
3,97,9,2,16,54,690.4
10,50,6,10,9,85,706.5
3,72,9,7,19,35,527.1
11,63,9,9,12,60,632.2
1,41,9,1,19,45,477.9
11,69,9,4,0,95,795.9
5,56,7,7,1,49,490.1
4,79,9,9,16,73,751.3
9,73,6,2,12,74,713.6
9,77,9,2,16,82,796.4
5,61,5,6,12,52,549
10,44,7,3,16,58,559.8
4,87,5,4,18,62,698
7,79,7,3,13,59,654.1
6,90,5,1,19,57,683.3
4,55,4,6,9,45,475.9
10,52,8,11,1,67,596.3
2,65,8,11,13,50,566.6
1,70,7,2,16,70,684.6
4,91,4,2,4,57,628.1
4,78,6,7,17,40,554.6
1,87,4,5,2,77,716.9
6,62,7,8,15,58,608.4
4,87,4,2,18,72,746.2
1,100,6,10,17,76,816.2
1,51,7,8,19,40,480
1,53,8,7,4,44,460.2
8,95,9,10,7,56,684.4
10,57,4,8,5,57,548.7
8,66,8,11,14,39,524.5
2,67,8,3,2,62,591.6
11,57,5,8,8,93,763.3
7,55,6,6,10,43,483.1
8,91,9,2,19,73,797.1
8,55,4,6,13,83,706.5
11,52,8,5,8,93,757.9
10,97,8,3,9,78,809.4
11,68,6,1,14,62,642.2
7,48,9,7,17,59,588.3
5,65,9,2,20,77,738.5
1,67,8,1,18,72,696.6
9,80,8,1,6,61,650.3
7,52,8,7,18,58,593.8
2,100,8,1,4,91,854.5
6,75,5,9,20,77,761.3
2,48,5,6,17,77,658.5
1,86,9,4,0,80,744.4
7,53,7,4,11,50,521
2,90,4,5,5,36,512.6
2,51,6,2,12,36,424.6
11,92,7,5,16,39,603.7
5,97,5,2,8,80,792.6
5,96,5,4,20,55,695.3
7,71,5,10,0,94,778
1,77,7,11,11,44,556.4
8,42,5,5,0,76,588
3,97,7,6,3,52,631.2
4,96,5,6,6,60,675.6
9,93,8,9,19,54,704.6
4,91,8,4,4,75,747.1
10,55,4,5,19,70,658.2
5,59,5,6,4,83,686.3
7,71,4,4,6,55,572.3
4,95,7,6,16,36,583.4
1,62,4,2,11,80,685.4
9,56,5,7,14,88,748
4,55,7,3,2,67,582.7
9,77,7,10,16,57,659.7
6,47,8,4,13,73,638.7
1,58,7,9,14,65,622.7
3,69,7,5,14,38,506.4
11,96,4,9,14,75,798.5
2,97,9,10,18,37,611.3
9,73,7,10,10,71,704.3
1,53,6,10,17,87,735.7
9,61,9,10,20,90,815.6
9,83,8,6,9,44,582
8,56,8,8,20,76,714.8
8,99,7,5,8,66,740
11,98,4,5,2,70,731.4
1,54,9,3,0,83,663.7
11,89,8,7,20,61,736.1
8,87,8,2,10,87,827.1
10,71,6,11,15,83,780.1
3,52,7,3,2,53,494.7
11,60,9,2,20,72,708
7,88,8,8,8,35,542.5
11,79,8,4,10,60,663
1,72,8,10,16,80,759.6
1,100,8,8,0,47,605.3
10,96,4,8,8,69,741.9
5,97,5,8,2,89,828.9
5,66,6,8,9,36,472.6
8,74,4,8,4,56,586.8
7,55,6,9,10,73,651.7
8,67,8,2,4,62,609.2
6,73,6,9,11,78,734.6
6,86,7,8,13,36,552.6
2,40,7,11,11,45,452.9
6,80,5,10,18,82,798.2
5,87,5,1,8,93,832.9
3,70,6,5,6,71,659.3
6,75,4,11,15,60,648.8
8,83,4,2,6,62,646.4
9,72,8,10,13,60,655.4
1,72,4,5,7,51,545.9
3,78,5,8,20,37,543.1
3,57,4,9,17,48,527.2
11,62,8,9,2,50,535.8
8,99,7,1,1,83,804.9
1,62,4,7,4,94,744.6
5,54,4,11,7,85,694.1
3,65,5,8,18,70,678.8
2,69,6,10,8,62,617.6
8,64,7,3,1,62,586.8
3,84,6,6,14,87,817.7
7,55,8,11,7,86,724.2
11,78,8,3,9,86,798.4
1,87,6,9,6,59,645.1
6,84,5,3,18,91,851.3
3,53,9,2,0,43,443.5
8,56,5,9,1,45,467.7
6,51,9,11,2,71,615.1
2,68,9,8,13,77,724.9
6,71,5,8,14,79,738.7
7,95,9,2,20,55,711.5
5,63,9,6,13,36,488
3,91,9,5,7,88,832.4
4,52,7,2,17,68,629
4,95,8,5,16,76,806.6
6,59,9,4,6,47,512.3
10,54,8,9,19,39,507.1
1,95,8,1,0,45,570.9
11,92,7,6,8,63,709.7
4,43,8,7,8,81,653.3
10,93,6,6,10,62,707.6
4,73,4,5,18,62,652.8
10,67,7,4,5,39,488.1
1,89,4,5,6,54,610
9,41,6,9,14,71,616.3
4,96,5,5,19,73,790.1
7,86,5,10,5,44,565
3,69,9,8,8,66,652.4
10,65,5,7,14,63,639.5
3,90,7,4,5,36,526.6
8,86,5,10,6,35,520.9
8,65,7,5,16,54,599.2
11,59,7,7,5,89,744.7
1,81,4,6,8,35,489.5
10,67,5,3,2,38,462.4
2,95,8,10,13,49,649.9
8,59,5,3,5,81,681.1
1,50,5,2,3,64,538.6
8,97,5,3,15,40,603.6
8,49,9,11,15,72,662.8
2,100,8,10,8,35,570.9
4,62,8,1,3,41,466.1
6,76,7,9,7,39,519.9
11,80,8,2,7,88,807.4
9,91,7,3,5,83,798.9
8,58,4,5,7,41,462.9
8,84,7,10,5,70,712.8
7,57,5,4,13,37,459.5
9,88,6,5,13,46,611.6
2,66,6,6,17,93,804.9
3,45,9,5,12,95,749.9
10,49,5,10,14,49,518.1
8,41,7,1,2,54,474.8
6,63,5,6,5,75,659.7
10,77,9,9,19,55,668.5
9,67,8,3,16,66,675.2
10,67,7,2,19,46,571.8
4,92,5,6,15,71,754.7
8,84,8,3,5,74,730.8
10,89,9,4,7,81,800.7
3,78,8,6,12,41,548.7
3,41,7,6,12,85,675.3
8,100,9,2,19,79,857.1
5,85,9,3,16,65,720.1
3,44,9,9,20,35,448.9
10,89,4,2,2,94,830.8
11,50,9,3,12,45,503.5
1,49,4,9,6,79,632.3
3,82,8,4,19,68,730.6
9,98,4,1,4,53,635.9
5,41,8,11,10,45,462.9
10,54,4,2,17,67,628.3
2,78,8,3,3,67,655.5
7,80,8,9,19,42,595.6
2,76,9,9,6,79,737.3
4,46,9,11,3,42,440
7,59,8,6,9,68,638
4,73,9,11,0,74,686.8
7,74,8,6,16,61,668.3
7,73,9,3,4,63,636.3
1,92,6,5,16,48,628.8
6,61,4,11,2,68,606.6
9,70,8,4,8,79,729.7
2,62,5,10,2,93,742.3
3,58,9,10,2,71,628.9
10,43,9,9,8,35,419.1
5,63,7,9,4,43,490.7
9,59,5,1,9,86,721.8
4,78,5,8,14,44,563.2
1,67,6,9,11,64,629.6
4,93,4,5,5,77,751.1
6,78,6,4,6,52,583.6
5,56,4,10,6,51,508.5
1,58,8,4,3,40,446.2
4,93,6,2,12,45,604.1
6,87,7,9,14,58,681.2
10,74,4,5,17,70,708.4
10,71,6,11,17,67,698.9
4,86,7,3,6,67,689.3
9,85,5,6,9,88,816.8
5,86,9,9,15,52,655.4
8,85,8,9,7,39,555.3
9,78,8,5,18,65,711.9
10,96,5,8,10,50,648.6
5,74,6,4,20,36,529.2
6,69,9,5,5,43,518.1
1,56,5,7,9,36,429
11,81,7,7,18,71,755.9
7,86,9,7,13,54,661.2
4,68,4,8,19,93,815.3
11,45,6,11,5,51,494.1
2,99,9,5,3,92,862.8
5,56,4,1,19,59,585.9
3,56,5,11,14,53,548.3
6,53,8,9,4,76,648.6
8,63,9,9,15,42,537.4
7,96,9,7,6,86,843.4
3,89,4,6,1,45,548.7
8,96,4,5,12,47,626.9
2,76,8,5,1,47,535.1
10,100,4,3,8,43,604.9
9,79,4,10,19,39,563.7
4,78,9,1,4,52,582.4
1,94,8,6,2,74,740.2
8,71,8,8,1,95,799.7
7,75,9,2,13,86,798.2
11,89,5,8,7,48,608.4
5,76,5,8,19,68,708.2
10,87,9,10,11,56,678
5,53,4,8,16,82,701.6
7,66,6,10,15,67,669.9
5,98,5,3,5,58,665.6
8,58,5,10,5,91,741.5
11,70,9,8,17,89,828.5
6,85,9,11,1,63,669.7
5,48,6,4,7,47,467.5
9,77,6,3,13,91,823.7
11,56,8,11,1,84,703.8
2,58,9,9,16,61,618.3
1,83,5,8,15,35,526.1
8,43,7,10,17,41,471.1
3,87,7,2,20,38,577.2
11,96,4,8,5,44,596.2
7,50,5,11,16,74,660.6
10,61,7,11,17,69,684.3
11,43,5,3,13,89,710.3
8,56,9,10,9,73,667.7
6,47,5,6,3,93,703.9
10,85,7,5,17,92,875.6
9,98,5,8,10,91,878.1
7,73,6,9,15,50,596.2
10,50,4,11,3,61,546.5
5,70,8,7,18,54,621.8
8,50,7,6,5,44,463
2,95,9,6,7,79,794.1
7,93,8,1,17,67,755.7
4,95,4,5,18,41,603.3
9,77,6,8,17,76,760.8
1,92,6,6,15,78,791.6
7,60,6,1,6,80,682
6,85,6,5,16,56,661.8
8,69,7,11,2,77,697.3
5,49,7,5,14,51,521.9
1,65,5,3,3,43,469.3
1,66,9,8,15,92,806.2
9,47,5,9,13,74,643
10,78,9,6,16,44,597.2
6,47,4,6,8,70,590
10,99,5,2,6,65,719.3
5,47,4,10,13,65,582.3
1,94,4,2,11,39,555.9
6,73,4,6,16,90,805.2
6,98,6,8,8,52,655.2
3,55,8,2,11,40,466
8,80,8,9,11,76,757.4
1,52,7,9,7,84,685.4
1,62,4,4,9,62,582
6,51,6,4,11,77,657.1
10,66,5,4,4,58,577.4
1,61,5,11,19,39,499.3
6,71,7,5,0,62,602.8
1,96,7,8,8,92,863.6
6,100,4,2,14,37,583.1
3,88,4,11,1,52,590.2
8,66,5,5,3,38,461.2
6,41,5,2,3,74,576.6
11,84,5,11,2,83,772.5
1,72,5,11,15,76,722.2
5,65,8,8,7,66,636.6
8,67,4,1,6,66,619.2
3,58,4,7,11,53,534.9
6,82,5,3,11,63,667.5
5,44,6,4,3,67,551.9
6,72,5,8,14,36,505.2
10,59,9,3,5,92,763.2
1,69,7,7,2,45,502.5
7,84,9,1,6,81,772.7
9,47,6,9,20,89,753.7
2,77,7,6,5,67,658.5
10,100,6,3,0,75,762.5
5,56,7,7,7,74,648
10,83,5,5,0,35,489.5
4,40,5,8,15,76,628.6
6,42,6,8,2,51,461.3
6,85,7,9,1,84,774
11,65,8,6,5,50,551.4
2,70,6,4,7,36,467
2,47,6,2,6,88,678.2
4,82,9,3,6,83,774.1
1,98,4,5,20,38,596.6
9,85,6,8,18,66,733.2
7,47,8,10,17,41,485.5
7,100,5,2,2,63,691.7
3,74,7,5,10,95,821.3
11,78,4,9,10,94,835.4
3,67,7,2,2,43,483.5
1,90,5,8,0,92,809.6
3,43,6,3,9,69,575.1
3,96,9,8,1,86,819.6
4,55,8,4,16,87,745.9
4,52,4,4,8,39,428.1
3,59,8,7,17,84,746.4
10,90,8,5,19,95,918.3
8,44,8,4,8,55,517.7
8,94,8,7,10,92,881.6
1,76,5,3,16,51,590.5
7,59,8,9,13,73,682.7
11,63,9,5,17,48,578.4
2,75,8,3,17,66,688.6
1,73,5,2,11,49,552.3
3,97,7,7,17,55,696.5
4,84,5,7,7,88,798.2
6,87,9,5,7,48,606.4
10,93,9,4,7,75,779.7
5,73,6,11,19,50,608.2
4,58,5,2,14,85,721.5
8,56,7,2,7,35,433.5
11,44,6,7,13,74,640
4,64,6,10,12,52,565.2
10,57,4,7,7,68,614.8
2,99,8,4,16,60,725.4
3,94,6,4,18,95,902.9
6,92,6,4,5,70,721.2
8,89,9,11,16,55,692.7
8,47,7,2,3,35,392.9
11,66,6,9,6,61,613.1
9,54,7,1,16,85,733.9
7,84,8,8,17,45,616.1
2,52,9,6,5,90,718.8
8,55,4,10,9,72,637.2
7,61,4,7,17,85,748.3
8,59,8,5,6,48,518.6
3,52,8,6,13,62,589.6
7,59,9,6,13,89,771.5
10,41,9,9,9,61,559.5
9,74,5,10,8,56,609.2
3,86,6,4,9,55,628.3
10,94,6,11,1,90,840
6,58,6,5,2,58,544.2
2,84,7,4,15,53,634.1
2,76,5,1,9,58,604.8
5,97,6,10,10,60,703.4
5,93,7,6,9,59,682.1
7,45,7,5,11,79,657.7
2,53,4,4,13,78,658.6
11,43,7,6,8,63,562.7
7,61,8,5,12,44,521
5,90,9,3,5,85,807.7
6,94,7,2,10,45,608.7
8,78,8,6,0,58,611.4
10,75,8,4,14,58,651.6
4,73,4,11,6,46,531.2
7,66,4,10,10,41,501.1
6,46,7,3,16,74,645.8
10,42,4,8,4,51,467.3
2,86,4,9,8,69,697.1
8,72,9,7,15,40,551
10,41,6,2,10,46,458.8
9,81,7,8,16,49,625.3
5,55,7,11,5,66,599
10,64,7,11,14,57,617.1
4,99,4,5,2,41,560.9
6,54,9,11,8,93,765.5
8,63,4,10,11,72,668
11,54,8,7,18,65,646.3
3,70,5,5,17,63,648.3
10,53,5,2,15,78,683.4
11,93,5,4,7,62,692.6
11,53,6,11,18,46,534.8
1,45,4,5,4,61,509.7
4,53,8,6,11,38,455.8
4,56,8,5,5,55,536.7
1,57,5,10,11,43,480.9
9,59,9,11,14,83,751.9
3,90,6,1,9,68,708.2
5,56,6,1,16,71,650.5
6,55,5,3,6,55,525.5
8,79,5,9,6,94,823.2
6,78,4,11,20,57,658.3
3,91,9,2,10,58,674
6,71,6,10,1,44,508.8
1,99,8,5,20,72,804.2
4,83,5,9,1,40,513.2
6,48,4,7,13,55,528.7
7,66,8,11,17,71,708.7
11,85,6,8,15,63,710.5
11,91,5,2,10,93,864.9
10,72,9,5,8,74,715.8
3,49,5,9,6,55,508.7
9,56,9,1,3,56,545
7,88,4,1,15,69,727.3
1,88,4,10,13,80,779.8
2,75,6,8,10,39,513.5
1,56,9,2,7,49,505.3
11,57,5,9,10,75,672.3
9,91,4,10,19,81,830.7
9,62,5,9,16,53,582.7
7,73,6,4,18,50,600.4
10,47,9,2,9,74,640.6
3,52,5,3,11,81,670.5
5,62,8,10,0,77,666.7
4,96,5,1,1,57,636.1
7,93,7,3,17,38,594.2
9,59,7,5,6,55,554.7
2,61,6,3,15,58,587
8,86,6,3,12,76,762.8
9,91,6,10,3,89,829.1
10,62,8,6,9,60,609
10,80,9,3,8,76,748.4
9,74,8,3,17,36,534.6
10,42,5,9,8,74,613
7,73,4,2,9,42,514.6
9,72,9,1,7,43,535.1
9,85,7,10,10,36,547.8
3,56,7,8,12,48,519.2
4,84,7,3,12,54,632.2
2,58,5,7,15,36,457.4
10,69,5,2,12,38,501.2
3,62,6,11,11,69,648.5
11,54,4,11,14,89,751.9
11,98,6,8,15,48,667
5,96,5,9,7,55,657.1
5,53,8,8,5,82,681.8
6,41,6,8,7,49,464.3
7,78,9,8,1,73,702.1
7,88,5,7,17,84,828.2
1,57,5,2,10,54,528.4
2,45,8,8,16,40,458.2
9,98,8,5,9,62,724.8
10,71,8,6,1,87,757.3
2,60,4,4,18,82,718.6
6,79,9,1,19,77,777.9
11,67,5,5,19,36,513.6
11,66,8,3,19,62,664.4
1,41,4,9,1,89,646.3
3,72,7,4,5,68,648.6
2,55,9,10,16,48,539
3,78,7,2,11,43,547.1
5,61,7,4,4,57,555.7
11,95,5,3,1,78,765
10,82,4,3,8,69,693.9
6,86,4,5,1,56,605
9,52,7,1,19,39,485.1
11,95,9,5,13,94,913.8
10,41,6,8,14,75,639.1
4,53,7,10,1,63,559.7
7,95,5,9,17,69,769.1
6,77,7,1,11,84,774.4
2,80,9,2,6,68,680.4
10,67,9,2,15,38,523
11,46,7,6,18,79,693.7
11,57,4,1,2,83,675.1
11,95,7,11,14,43,635.1
8,80,8,1,14,85,807.5
7,94,8,2,6,48,618
7,75,6,4,7,79,728.5
8,80,5,2,6,39,515.3
11,75,5,4,2,84,742.6
1,83,4,3,18,90,828.4
1,43,5,3,18,81,663.3
8,96,6,9,17,61,734.5
4,69,8,8,6,45,527.7
5,63,4,10,18,64,641.8
8,59,9,9,4,85,724.5
5,85,8,1,12,71,732.7
10,95,6,5,1,73,742.3
4,70,4,4,17,68,672.2
6,63,7,11,3,85,722.7
5,46,5,9,3,58,510
7,65,6,3,7,50,537.8
10,52,4,5,10,92,739.6
7,93,8,8,0,64,689.8
4,47,4,10,8,58,524.8
5,94,7,5,5,37,549.3
3,44,6,9,3,63,531.9
4,83,4,2,5,76,712
4,52,9,6,12,46,504.6
3,68,6,5,8,89,759.1
10,59,6,9,13,61,613.9
5,53,8,7,11,63,596.5
5,71,5,8,3,36,462.8
11,99,9,7,7,91,891.3
7,89,7,10,16,95,900.7
4,66,4,10,4,63,595.7
4,95,5,5,2,74,734.8
9,64,8,11,3,91,769.1
6,91,5,5,7,43,573.3
4,43,6,11,15,89,717.1
2,60,6,4,10,86,722.2
6,57,7,2,1,78,648.6
2,78,9,9,7,62,653.2
5,54,4,10,6,71,612.5
6,92,4,10,0,57,631.1
4,77,8,10,1,47,548.1
3,87,7,10,12,39,565.1
7,91,4,3,10,66,705.2
2,63,9,11,2,62,593.6
11,47,6,11,1,92,712
6,67,7,3,15,49,567.9
4,60,5,3,0,58,532.6
6,55,7,8,6,66,600.8
4,99,7,6,2,55,652.3
4,93,9,1,15,39,593.3
4,55,9,3,5,71,623.7
9,74,4,4,13,70,691.6
7,56,8,2,10,93,765.1
3,48,8,6,20,62,601.4
3,96,9,10,18,66,769.8
6,74,4,1,0,93,764.3
6,91,4,1,20,94,888.8
4,68,4,8,12,57,593.5
9,78,9,4,19,50,636
4,57,8,1,8,84,704.6
9,51,4,7,10,44,473
4,58,9,9,0,63,578.9
2,87,5,10,12,86,812.8
2,61,5,7,19,61,617.5
5,98,6,1,0,69,711.1
4,95,5,1,2,76,741
7,88,7,1,19,79,809.1
11,91,6,8,16,58,704.4
5,54,5,7,4,57,529.5
6,40,7,3,5,37,386.9
10,41,5,3,16,70,608
4,47,9,3,9,79,657.3
2,61,7,2,10,48,518.2
10,64,4,4,12,38,484.2
9,41,9,7,9,78,648.6
10,90,7,9,13,82,826.8
7,48,9,3,12,76,660
4,48,4,10,3,89,681.3
3,52,7,7,19,66,628.8
10,45,7,4,16,90,740
3,69,9,1,17,54,608.6
9,54,5,5,10,90,737
5,90,7,8,9,51,631.5
3,92,5,3,20,63,722.1
5,54,7,10,17,91,773.1
2,89,8,4,18,73,773.7
11,46,6,3,8,66,580.2
4,97,5,10,4,38,555.6
10,50,5,8,0,58,520.6
2,79,4,10,4,78,713.2
2,77,8,8,2,76,704.6
8,79,4,4,0,36,473.4
1,41,8,11,18,48,498.6
7,90,8,2,5,74,745.6
5,87,9,3,9,76,762.8
11,78,9,3,4,72,708.8
8,49,9,4,11,89,734.3
1,83,7,11,11,89,821.9
11,56,4,2,16,68,638.4
7,46,6,2,1,80,624.2
5,93,8,3,20,77,819.3
4,79,8,1,13,36,523.6
7,78,5,8,11,70,702
10,43,7,6,12,40,447.8
2,74,6,3,4,70,654.6
1,90,9,1,4,56,634.4
1,86,8,3,16,39,567.7
11,75,5,1,4,72,679.8
1,70,4,3,18,75,706.9
5,64,8,4,3,88,736.2
10,80,5,6,6,56,617.6
7,52,4,7,16,82,701.4
2,57,7,7,10,45,495.7
10,60,9,9,5,77,690.9
8,87,4,8,12,90,840
4,40,8,4,11,65,562.9
3,75,6,6,4,87,756.7
10,89,4,11,9,87,826.9
11,47,6,1,10,76,642.6
8,91,6,8,8,63,698.7
2,87,4,6,12,93,842.1
11,60,7,2,2,67,610.5
11,82,4,8,16,56,657.6
3,91,5,4,17,83,820.1
3,92,9,9,4,61,681.5
10,92,6,4,15,42,609.2
11,60,9,1,15,92,799.8
1,66,8,7,10,82,728.6
6,58,6,10,3,91,735.1
2,62,8,5,8,40,478.4
1,90,5,10,14,80,793.6
2,89,5,11,11,59,668.1
6,90,9,5,15,68,752.6
4,82,5,4,3,43,527.5
6,74,4,6,2,70,650.6
9,79,6,1,20,65,708.1
10,91,8,3,3,53,633.5
10,90,9,11,1,83,802.7
8,81,9,7,18,35,560.7
1,87,5,11,6,58,637.6
8,44,5,8,1,68,557
9,91,8,9,0,51,617.5
6,80,6,1,17,68,711.4
10,47,6,4,7,69,595.5
5,50,9,2,7,70,610.8
6,55,8,2,9,47,503.7
6,78,9,1,17,93,856.1
9,86,7,5,10,59,671.3
4,63,6,2,0,89,715.3
2,100,8,4,6,46,617.4
11,60,8,9,7,55,574.3
11,91,9,11,13,71,782.5
9,62,5,3,18,80,730.8
2,88,8,8,7,72,732.6
10,77,9,10,18,35,556.3
9,86,4,6,3,82,762
2,47,5,10,9,40,429.6
8,46,5,5,9,79,647.1
9,41,6,2,3,79,614.5
10,69,7,11,7,45,542.3
9,52,6,3,6,50,499.4
10,62,4,8,14,56,588.8
9,68,9,9,7,80,736.2
2,77,5,11,9,45,548.3
4,100,5,11,6,71,754.1
7,76,8,7,18,60,676.8
2,59,7,1,2,91,720.3
1,72,7,6,8,60,613.2
3,68,8,7,15,76,722.6
4,89,4,6,13,55,646.5
8,54,7,10,6,91,741.7
6,62,5,11,11,60,600.6
11,81,4,2,0,49,554.5
2,42,6,9,15,73,619.7
9,76,6,3,2,69,662.3
2,95,4,6,0,45,561.3
5,68,5,6,5,43,496.7
4,84,6,8,1,76,717.4
7,47,9,4,6,57,533.3
8,61,5,6,7,38,461
5,92,8,1,12,64,715.2
10,68,7,9,15,62,657.6
5,41,4,9,20,59,553.9
2,80,7,7,9,56,621.8
8,88,8,11,3,59,663.1
2,98,6,1,20,86,866.6
10,89,9,3,12,60,701
6,84,5,5,16,84,808.4
8,40,5,4,7,63,533.1
6,83,8,5,7,80,766
4,59,4,7,6,75,643.9
4,91,7,9,0,66,685.6
6,60,9,1,14,60,610.4
4,76,6,5,14,62,657
8,47,4,3,18,54,536.4
9,66,9,3,3,82,720.4
1,86,9,11,5,93,841.3
4,98,8,2,9,36,568.2
4,74,8,6,11,57,623.3
2,45,5,6,3,73,579.9
6,99,6,3,5,39,570.5
3,84,4,1,13,55,623.5
7,83,5,7,12,90,829.2
11,58,6,2,20,56,600.8
11,100,7,8,2,83,825.7
5,57,7,3,20,45,530.9
4,95,5,1,14,64,715.8
5,40,4,10,2,62,507.4
8,64,6,9,4,70,643.8
3,66,7,5,12,51,562.1
7,46,7,1,14,55,534.1
6,83,4,10,16,71,735.5
1,81,5,11,5,70,682.2
7,68,8,6,17,59,642.7
7,70,9,10,2,58,601.4
1,83,6,3,8,64,660.2
9,82,7,11,7,76,749.8
6,75,9,4,19,69,725.5
2,58,9,8,10,55,563.7
5,45,8,5,10,40,440.2
11,64,9,6,7,55,587.1
4,70,4,10,0,42,478.6
7,48,5,4,1,39,402.7
8,59,6,6,19,74,698.2
11,49,4,3,3,44,442.4
11,76,5,10,1,65,644.9
1,66,4,1,1,92,728.2
5,52,7,6,12,64,596.8
3,80,7,1,20,85,813.5
1,41,8,10,19,55,539.3
3,89,4,3,5,70,696.2
6,60,9,8,3,95,773.9
7,72,7,7,14,61,652.3
8,63,5,8,2,72,639.4
11,92,8,10,3,69,734.9
4,83,9,10,16,94,880
3,81,6,2,5,66,657.8
5,73,4,10,1,60,592
9,99,7,7,19,38,627.8
6,48,9,4,12,61,576.7
9,41,5,1,14,70,596.8
6,94,4,11,4,71,728.9
2,95,5,3,18,61,711.3
5,69,8,5,5,81,720.7
11,61,7,10,16,82,753.2
9,85,7,8,0,40,533.4
8,50,8,2,1,52,493
7,94,5,2,0,60,650.4
1,82,4,8,7,78,728
4,56,5,9,3,58,538
7,75,4,10,17,86,799.4
11,52,9,1,8,41,471.5
7,46,8,2,14,89,726.7
6,55,6,4,15,78,688.2
8,72,4,3,20,48,585.2
11,84,7,1,2,47,571.3
6,40,9,4,0,60,506.4
10,50,7,11,12,77,678.3
3,45,9,11,13,77,661.5
4,59,7,2,5,36,433.2
3,74,5,10,4,80,715.6
1,83,5,5,4,81,738.1
10,76,5,1,3,57,594.9
5,80,9,8,20,62,708.2
1,65,9,10,11,35,478.5
1,97,7,2,13,66,733.4
2,51,4,11,13,46,485
4,69,9,3,10,80,732.2
6,67,7,3,9,84,740
8,66,4,4,9,87,745.5
3,81,5,7,8,90,801.6
1,58,9,9,1,94,746.8
3,44,6,3,13,89,701.7
3,97,5,1,6,69,720.1
5,44,8,11,16,95,767.3
11,80,4,10,19,60,686.2
4,66,6,1,7,65,614.9
4,67,5,11,19,91,809.3
9,65,9,6,3,46,523
7,66,6,5,4,63,604.5
4,91,7,10,12,39,579.1
3,88,4,7,6,69,695.9
6,81,8,7,5,41,541.1
3,60,7,3,16,50,549.8
6,40,6,7,5,66,546.8
11,93,5,9,18,86,868
11,67,4,8,2,51,537.5
9,87,9,3,8,55,651.9
6,97,8,10,20,61,753.7
4,97,5,5,14,74,781.6
5,54,8,8,7,81,686.1
6,94,9,2,14,94,900.6
11,56,4,7,0,86,689
3,65,6,11,7,49,533.9
8,59,8,10,3,57,563.9
4,64,4,10,9,42,491.2
8,52,8,7,15,59,591.1
10,72,5,11,17,45,576.5
10,64,8,8,3,91,767.5
3,47,5,1,7,55,496.5
10,44,5,8,3,88,677.8
7,45,4,1,9,89,687.9
11,62,7,3,19,44,549
9,91,9,9,3,84,813.6
4,69,8,4,15,43,542.5
8,53,6,10,11,82,701.8
3,93,5,9,9,35,540.9
7,62,7,1,10,56,574
3,50,5,8,1,40,411
7,70,7,3,15,64,661.4
11,45,7,11,18,89,751.7
10,50,6,7,11,68,616.2
10,52,7,2,3,47,477.9
11,51,6,7,16,56,572.2
11,93,4,7,11,40,584.4
6,41,5,9,15,75,631.3
2,92,6,2,2,80,755.6
11,74,9,8,1,58,615.6
3,94,5,5,6,55,638.9
6,75,9,10,5,73,707.1
4,56,8,9,0,57,535.5
6,67,9,8,14,39,524.3
1,67,4,3,11,41,487.1
10,61,8,3,12,37,486.1
1,77,8,11,7,89,794.7
3,46,7,10,8,47,472.5
8,54,9,8,0,88,711.2
8,71,7,9,4,46,537.2
11,50,9,2,6,40,454.4
4,63,8,3,17,68,667.6
6,42,7,8,7,49,471.7
8,69,5,2,9,81,723.5
7,45,9,8,7,52,508
11,97,9,5,11,89,885.5
7,41,7,6,15,83,682.5
4,100,9,10,11,91,897.5
9,53,8,4,2,37,427.3
10,80,7,3,17,56,660.2
6,57,7,8,4,69,616.5
11,90,6,9,13,62,714.4
3,83,6,8,19,75,768.1
5,70,8,9,20,76,752
5,52,5,1,15,46,493.2
5,65,9,5,5,89,757.1
8,83,4,7,15,35,534.5
9,51,9,8,19,70,669.8
9,57,4,11,13,64,616
6,48,8,2,19,87,736.7
6,88,5,11,4,89,814.3
9,60,5,4,13,57,582.5
4,87,5,7,10,71,723.9
6,88,6,5,20,62,717.4
4,92,8,1,8,83,804.1
11,95,4,2,19,87,870.1
1,79,5,5,6,39,501.9
7,82,8,6,4,70,701
10,63,9,1,14,95,819.9
11,73,4,3,12,88,787
6,47,6,6,11,81,669.5
9,83,7,6,14,90,847.6
7,92,4,7,18,44,619.2
7,72,9,10,18,39,557.3
2,62,4,3,9,48,505.8
11,52,4,1,16,58,570.2
9,93,7,7,15,62,728.2
10,92,5,11,4,55,647.3
9,88,9,3,3,79,769.9
6,53,7,5,9,85,705.9
3,53,4,4,20,74,662.4
1,55,9,1,5,46,477.8
4,88,6,7,10,54,637.8
3,77,4,4,10,85,760.9
1,97,6,1,15,66,734.6
3,99,8,11,13,85,863.1
4,78,6,6,18,72,732.8
8,65,4,4,3,74,650.6
9,65,7,4,4,76,680.2
3,40,4,2,18,55,509.7
6,71,4,1,16,51,578.7
10,96,8,3,17,35,597.1
11,54,5,10,7,85,709.3
5,91,4,5,3,78,745.8
6,60,8,9,17,62,636.8
4,57,7,7,10,88,736.2
10,69,8,4,13,36,509.2
6,99,8,8,12,51,675.1
7,97,6,4,15,73,788.7
9,52,5,6,11,48,504.6
10,63,5,1,8,48,523.4
7,69,9,6,6,78,717.2
6,41,7,10,9,82,659.4
1,58,9,5,16,52,562
2,86,8,2,17,74,764.4
1,83,7,1,6,68,677.4
9,86,7,6,2,77,744.3
10,64,5,11,14,35,487.3
10,89,5,2,15,76,780.4
9,53,5,9,20,52,563.8
7,45,4,9,16,82,682.8
2,51,8,1,12,68,608.2
6,59,7,5,2,57,546.1
11,62,8,8,19,83,773.9
4,69,7,4,19,50,590.2
1,69,7,3,4,53,548.5
1,77,9,5,8,71,696.3
5,97,7,5,17,94,912.6
2,69,7,8,10,89,774.9
4,80,6,6,10,40,535.6
1,69,6,2,15,58,607.8
4,96,9,11,7,51,653.1
11,97,4,1,1,82,786.2
6,75,5,3,20,50,605.6
10,88,7,2,9,73,749.3
4,73,8,4,5,82,735
1,55,6,3,3,75,619.7
7,63,5,9,20,89,793.3
2,53,4,5,4,40,420.2
9,65,5,4,10,50,548.8
3,47,7,10,11,43,463.7
8,53,5,9,15,63,605.3
8,70,7,4,19,38,535.2
3,41,9,6,20,94,760.8
4,87,6,10,13,60,681.6
2,43,6,1,13,88,688.8
4,40,7,2,19,72,621.8
11,94,8,4,19,60,738.6
11,59,6,9,14,48,547.8
11,98,8,6,7,69,761.7
9,53,7,6,4,89,718.1
2,79,9,11,8,83,777.5
3,64,7,9,20,77,731.1
11,99,9,4,15,58,733.4
11,64,6,3,2,42,481.8
4,42,8,7,11,74,622
5,44,7,7,6,59,526.1
1,77,6,9,16,38,533.6
7,93,9,6,14,49,656.9
10,65,7,2,14,50,570.8
7,79,9,6,11,88,819.2
9,77,5,8,20,45,596.1
4,77,9,6,1,62,630.2
6,43,5,9,7,41,423.1
11,46,6,4,4,84,666.8
2,69,7,3,2,72,648.2
4,69,6,11,0,58,573.6
2,95,4,5,15,65,721.1
10,58,9,3,9,38,476.8
5,78,6,11,9,71,704.7
7,74,6,2,10,90,793.8
1,79,5,2,11,69,680.3
10,72,9,4,7,40,524.2
10,72,5,3,4,80,715.2
7,53,7,9,8,67,610.3
10,77,6,7,10,86,792.8
6,49,9,6,14,66,616.4
6,96,6,10,16,80,832.8
8,67,7,8,10,72,687.4
8,53,8,9,12,69,641.3
6,75,7,3,16,51,606.3
3,77,5,10,6,88,775.4
5,55,5,7,8,66,595.6
2,99,6,9,17,48,660
5,60,5,1,17,53,562.5
9,67,9,10,9,58,620.2
10,72,7,9,11,73,716.5
1,45,6,7,17,45,477.1
10,80,7,10,20,41,596.3
5,54,7,4,8,79,669.3
6,83,6,11,8,94,844.8
11,42,8,6,9,58,540
7,82,5,11,0,89,784.7
9,86,4,11,10,87,819.3
6,74,4,6,13,92,809
5,53,4,6,9,58,543.4
7,41,5,2,13,48,469.6
1,68,8,5,18,58,627.4
11,43,7,7,9,45,468.3
5,65,6,6,16,42,524
2,90,8,3,1,78,745.2
4,51,4,11,13,49,505.5
7,41,9,5,17,76,658.4
5,56,5,8,1,88,697
6,74,5,11,19,36,531.8
2,49,6,5,18,58,563.6
3,87,9,10,7,79,776.9
7,61,7,3,5,44,490.4
11,80,8,9,19,66,735.6
2,82,9,11,6,51,603.7
6,60,8,3,12,91,772.1
5,54,8,2,1,91,713.5
10,74,7,6,6,88,784.4
1,87,7,8,0,44,545.4
11,60,7,6,5,56,565
10,60,6,1,15,40,498.6
11,60,5,8,7,61,592.9
4,99,4,1,12,54,661.6
11,83,7,9,17,35,562.9
2,71,5,8,13,51,573.3
4,94,7,6,17,35,578.3
1,44,4,2,3,71,554.7
2,78,9,9,14,95,858.5
8,48,7,8,4,49,483.5
6,92,5,4,20,89,872.3
2,57,6,2,13,35,440.5
6,60,9,6,15,51,570.3
10,47,9,1,14,80,689.4
9,83,9,7,10,79,783.5
7,91,4,1,1,94,826.2
9,73,5,6,17,77,747.5
5,49,8,5,3,78,637.4
7,90,8,10,14,72,774.8
11,80,8,3,11,77,761.7
7,96,6,6,2,36,540.4
3,63,7,4,3,52,526.8
7,79,7,6,20,46,610
1,63,7,4,15,63,624.1
9,95,6,1,5,57,661.1
10,71,8,5,1,81,723.1
6,95,9,8,8,43,609.9
5,72,7,6,11,42,532.4
7,77,9,10,11,84,796
5,83,9,9,13,50,628.6
10,96,6,4,16,57,707.1
5,95,6,10,8,87,839.1
11,90,5,9,11,63,708.7
10,98,7,8,9,93,896.5
11,88,8,3,10,44,600.8
7,73,4,6,1,46,514.2
10,50,6,4,15,95,774.7
7,70,9,1,0,86,737.8
11,57,5,9,0,46,478.8
3,62,4,4,1,64,569.8
3,99,6,11,11,44,622
10,61,5,5,19,48,559.6
3,82,9,3,17,38,562
6,57,7,4,11,81,701.5
6,79,5,9,0,54,578.8
3,86,6,7,10,75,745.3
3,80,7,8,1,73,691.3
8,86,9,3,11,41,580.1
8,78,8,3,1,64,644.2
7,59,5,7,16,86,748.8
10,52,4,8,5,75,632.7
4,84,9,5,15,58,675.6
4,40,7,1,18,44,463.2
3,91,9,3,5,86,812.2
5,43,7,5,6,79,630.7
3,63,9,3,18,72,695.4
8,75,8,1,19,70,727
7,75,5,7,16,51,604.3
3,84,4,1,5,55,596.3
9,41,8,10,14,92,741.8
5,67,5,6,8,80,707.4
9,65,4,6,1,93,752.7
7,62,9,7,4,37,465.1
7,54,4,11,20,35,467.3
6,75,6,1,4,52,564.2
2,66,4,11,11,36,468.2
9,45,5,3,9,74,616.2
6,74,8,9,3,82,741.2
8,78,8,2,11,38,534
1,77,6,5,14,66,676
5,74,5,3,9,53,579.7
1,75,4,5,17,54,605.4
10,49,6,7,4,76,633.4
11,69,9,1,12,83,767.1
8,92,7,3,3,83,793.1
8,80,9,11,8,87,814.5
1,77,5,6,17,41,545.5
9,68,6,7,2,43,500.1
2,91,8,10,10,41,583.7
9,98,6,3,3,61,687.7
1,82,7,4,8,55,613.3
10,78,5,6,11,69,700.1
9,89,6,5,9,58,667
4,43,9,11,9,66,583.4
9,44,4,9,8,46,458.6
7,43,9,1,9,57,527.9
11,75,5,5,8,70,687.2
6,98,6,11,0,83,802.1
5,84,9,1,15,63,700.3
11,55,6,8,13,37,470.7
9,64,9,7,12,77,722.3
2,53,5,5,5,42,439
11,50,8,6,13,68,632.6
2,68,9,4,7,91,776.7
11,73,4,9,17,48,591.2
9,61,9,3,19,70,693.8
3,53,5,2,0,82,640.4
8,95,9,7,11,80,826.4
11,63,4,2,10,66,628
9,98,4,6,12,41,603.1
8,78,5,11,3,44,537.4
4,65,6,8,5,46,509
1,82,9,3,12,89,821.5
4,75,8,3,12,94,829.6
9,78,4,3,5,74,697.2
2,100,4,1,3,57,646.5
3,55,9,9,20,45,536.9
10,97,6,5,2,86,823.2
8,77,9,9,14,47,603.5
6,98,5,5,10,46,621
8,71,8,7,1,41,501.5
7,45,9,1,16,87,722.7
5,73,4,9,1,78,689.8
9,95,4,1,20,44,631.8
4,47,5,4,0,41,401.3
6,69,6,7,4,85,734.9
2,66,9,11,19,92,825.4
2,46,7,9,16,61,573.5
2,66,6,1,0,41,455.1
10,64,4,11,6,89,752.7
7,95,9,6,2,84,814.6
2,85,4,11,15,58,659.8
2,80,8,10,15,57,655.7
9,54,6,11,11,59,581.5
7,64,7,5,8,78,699
11,61,8,3,13,70,673
3,57,7,10,11,91,757.7
3,51,8,2,15,67,616.1
7,62,6,1,16,71,672.5
5,90,4,2,11,76,755.4
10,84,7,4,3,73,719.3
6,78,6,6,16,86,807
8,64,7,5,0,95,767.3
9,49,6,4,20,41,489.7
1,69,8,8,16,64,660.2
3,49,6,7,10,94,738.8
11,73,8,4,18,65,699.7
7,85,4,10,17,91,856.9
6,52,8,5,19,79,708.3
7,93,5,10,1,80,770.4
8,68,4,5,8,71,661.3
6,77,9,3,8,55,615.9
3,80,9,9,11,68,707.8
2,84,6,11,12,80,776.4
7,48,6,5,15,55,543.9
11,52,5,10,12,74,659.8
1,76,6,2,13,54,600
3,53,4,4,6,68,581.8
11,76,4,4,1,42,506.8
4,48,8,5,11,66,593.6
1,47,7,8,16,86,710.8
5,78,6,5,4,64,642
10,79,5,1,19,63,691.3
3,93,9,2,9,39,572.1
2,42,4,3,17,64,561
3,94,4,3,2,46,569
8,95,4,10,12,73,772.9
6,86,7,6,12,61,684.3
7,79,7,9,9,87,801.7
6,72,6,10,1,47,528.3
6,71,9,1,15,81,762.3
3,46,5,6,3,44,425.4
8,58,7,9,18,70,677.8
7,73,8,4,4,65,644.1
7,53,7,10,6,50,511.2
6,89,4,3,8,73,728.9
5,86,5,6,4,79,745.3
10,85,6,6,7,70,717.4
8,95,7,2,1,60,667.6
5,96,4,5,19,78,815.2
9,58,8,1,19,54,590
9,90,8,9,6,68,728.4
1,93,6,9,3,71,718.9
6,98,6,3,20,42,635
7,65,7,5,14,38,502.4
3,56,6,3,17,93,773.3
7,93,9,7,1,63,690.9
11,67,9,1,13,65,665.5
11,58,4,5,9,36,448.2
7,66,4,6,4,59,574.9
11,87,4,11,11,72,747.2
2,91,9,7,9,37,559.1
7,96,7,3,17,95,916.7
1,58,7,7,5,80,672.2
5,72,6,4,11,76,712.6
9,90,7,10,0,77,754.3
7,46,4,11,6,39,417.7
7,68,5,6,11,56,592.6
11,94,4,5,6,50,623
2,82,9,4,8,43,558.1
8,44,5,6,19,87,720.3
3,69,6,3,14,82,741.6
8,88,8,3,11,43,592.7
3,82,7,5,12,83,786.1
10,95,7,11,3,46,612.2
7,97,9,5,9,81,826.7
2,47,4,9,2,76,598.2
4,81,4,4,4,38,496
11,51,5,5,3,83,669.7
6,81,7,9,18,52,643.8
11,52,9,4,14,52,556
9,65,6,3,6,76,681.4
5,57,4,7,2,77,637.3
9,81,7,7,15,87,829.7
5,90,8,8,14,67,740.9
10,91,9,4,17,76,813.2
8,88,5,4,2,37,517.1
1,59,4,9,13,93,763.1
7,55,4,10,0,72,604.6
4,76,6,7,6,51,571.7
5,42,4,3,1,46,413.6
6,66,9,9,9,45,538.5
5,54,7,5,15,51,540.3
1,97,7,4,11,69,745.5
9,73,7,1,17,75,739.3
2,84,8,9,5,84,781
9,61,8,6,16,94,814.8
10,79,4,11,7,40,531.6
2,62,8,2,20,69,675.1
9,98,8,7,8,40,602.8
6,88,6,3,18,66,730.2
11,43,8,6,1,45,444.3
9,90,5,8,6,77,763.5
6,93,5,3,10,73,752.1
6,96,5,5,12,47,627.3
11,80,4,6,9,47,575.9
2,62,7,1,14,73,671.1
8,86,6,10,20,80,820.4
3,99,4,7,6,68,723.4
7,48,7,4,5,37,414.1
5,63,6,10,11,66,637.8
3,60,6,11,2,38,441.4
1,80,6,7,15,74,734.8
8,85,5,7,19,87,844.5
3,94,5,11,8,35,542.9
2,92,5,5,9,43,575.1
1,55,6,8,12,83,700.3
4,95,9,8,7,84,828
8,94,6,5,5,41,572.9
3,64,5,5,2,61,568.3
1,65,6,7,11,37,472.7
4,88,5,6,8,56,636.4
9,84,5,4,8,50,599
1,48,5,2,10,42,435.4
11,54,9,8,5,39,464.7
2,78,7,3,1,83,732.3
9,72,6,2,6,92,789.2
2,40,4,10,8,64,532.8
3,44,5,7,18,62,570.6
7,95,9,10,17,85,875.9
3,48,4,6,11,61,547.7
9,83,7,8,20,84,837.4
6,45,6,6,10,56,522.6
3,67,9,7,9,64,637.6
9,84,5,2,2,71,691.7
1,65,5,10,11,41,493.9
10,67,5,2,3,84,717.6
3,79,9,6,9,64,672.4
1,54,4,9,1,47,454.3
2,45,7,3,11,56,518.8
8,66,6,11,10,45,535.1
7,77,7,10,13,39,546.5
2,43,5,8,14,56,520.2
2,50,7,5,13,49,504.5
9,60,4,6,11,87,738.7
6,69,8,6,1,73,666.3
5,57,8,11,1,71,623.3
10,74,6,10,0,65,637.9
6,42,6,11,19,63,588.7
9,51,7,3,14,73,654.5
11,66,6,11,9,51,570.7
7,92,9,11,19,75,819.9
10,69,4,5,0,40,470.6
10,60,5,1,0,75,635.7
9,77,5,2,0,51,553.9
4,60,7,10,10,68,638.8
2,99,5,3,11,57,677.5
8,77,7,4,14,86,803.2
4,79,6,9,13,64,678.4
9,54,6,1,0,47,466.1
4,57,9,3,0,92,728.2
8,91,9,3,5,64,701.2
9,68,4,6,2,83,710.1
9,87,5,5,13,87,829.7
10,77,9,3,5,54,608.2
4,99,4,4,7,40,571.2
1,60,8,11,19,95,817.5
3,56,9,7,14,89,759.1
9,80,4,3,16,65,691.1
4,90,7,9,8,93,858.3
5,57,7,8,15,53,563.9
7,96,4,2,0,40,542
5,94,6,5,15,68,749.4
4,76,8,4,18,62,678.2
2,99,4,5,8,92,857.8
2,77,9,3,16,47,591.1
4,51,6,10,5,86,689.4
10,50,4,11,13,44,487
10,87,5,1,17,95,884.5
9,91,9,8,20,75,820.7
8,88,9,9,13,79,809.1
3,59,7,8,6,41,469.3
9,48,5,4,9,52,505.4
5,40,5,2,15,56,513.4
11,97,9,4,6,48,641.8
3,42,8,9,19,70,627.6
5,60,6,10,5,42,476.4
10,62,7,9,5,46,517.6
4,48,5,5,6,74,607.4
8,93,7,5,16,82,837.2
5,58,9,10,7,67,627.9
10,84,6,3,1,58,624.4
8,94,4,6,18,76,802
9,85,5,7,20,73,772.9
4,91,6,10,6,48,603.8
7,58,7,9,11,83,723.5
2,62,9,7,19,85,770.1
6,66,6,3,2,39,461.3
8,66,4,7,3,53,541.7
7,78,6,1,10,37,513.1
7,75,9,2,11,35,510.9
8,51,7,4,18,74,672.8
7,94,5,7,18,75,800.1
5,66,5,9,10,71,665.3
7,85,8,5,12,67,719.5
10,73,7,8,0,83,735.9
3,72,8,7,5,91,783.1
5,67,8,5,15,80,743.2
7,70,9,3,1,51,551.1
9,71,9,3,13,43,554.9
2,89,9,6,17,65,733.1
4,59,4,10,16,69,648.5
7,79,7,11,19,37,563.1
1,74,5,4,17,47,567.1
2,70,7,3,18,86,782.6
9,97,9,4,14,71,791.5
10,70,4,3,1,72,650.6
7,77,7,10,3,48,562
10,61,7,11,0,40,467
7,84,8,11,7,92,844.2
6,80,7,6,19,63,701.1
3,48,8,7,13,95,760.3
10,91,8,4,10,91,867.5
3,48,6,3,13,83,680.7
2,54,9,3,15,43,496.7
11,52,4,11,9,70,624.4
6,61,8,3,6,57,567.7
4,55,7,9,15,49,535.1
5,71,8,11,3,88,765.6
3,41,8,11,11,91,715.3
6,65,8,3,11,84,745.2
11,53,5,3,1,81,655.5
3,98,5,8,5,93,860.1
8,77,5,4,19,84,800.4
9,73,5,7,14,41,540.5
4,47,6,3,14,81,672.1
9,75,8,8,15,94,855.8
7,60,6,3,2,59,555.3
3,95,7,5,0,71,718.3
7,85,9,1,20,57,691.3
1,82,4,5,11,45,556.5
3,95,6,6,14,90,867.2
6,67,5,7,18,80,744.6
4,85,5,2,5,42,535.4
7,83,7,2,18,70,742.4
3,87,8,9,16,76,785.4
1,45,4,10,8,73,595.3
9,59,6,1,20,35,483.1
6,70,8,2,12,86,773.4
8,72,8,2,14,78,746.2
3,83,9,10,15,47,616.1
8,46,9,7,12,50,517.8
2,47,6,6,1,80,622
4,48,6,9,1,47,451.1
3,41,6,11,10,71,593.1
10,56,6,7,15,48,537.8
1,91,5,3,16,92,861
7,84,8,3,2,47,570.1
11,76,8,1,0,80,726.4
10,81,5,8,17,46,605.4
2,83,8,1,13,89,823.1
4,56,6,11,8,62,583.8
9,92,4,2,8,56,649.2
6,77,9,11,11,54,630.2
8,74,9,7,2,81,738.3
2,99,8,1,1,53,632.3
7,86,4,4,0,45,541.9
6,78,9,9,8,64,675.6
9,69,4,8,12,88,777
7,45,5,11,20,60,582.2
1,43,7,8,15,49,491.9
8,90,8,3,18,64,738
11,76,5,5,9,63,655.1
10,74,5,4,4,94,799.4
3,97,4,11,13,66,735
2,96,8,8,14,87,862.9
3,48,5,11,2,64,544
11,45,6,7,8,78,648
6,52,5,7,0,85,665.9
3,98,6,10,0,50,613.4
10,61,7,10,18,70,692
5,67,6,7,5,52,548.8
6,69,6,1,10,75,693.1
8,91,4,7,17,82,823.8
7,75,5,4,13,73,711.5
11,41,7,3,15,62,571.4
8,97,5,5,0,92,841
3,75,6,2,9,53,581.9
4,47,9,8,9,90,723.8
6,84,6,9,12,90,837
11,81,5,5,0,45,540.5
7,89,7,3,2,51,602.7
9,48,9,10,13,55,560.3
1,40,7,7,20,71,619.7
8,52,4,1,15,78,670.8
8,89,6,10,19,85,853.5
6,54,6,3,5,68,595
4,71,4,9,0,67,617.9
3,73,5,2,19,63,660.5
11,82,6,11,4,38,530.2
3,100,5,9,7,66,725.6
6,70,7,11,11,94,820.4
8,53,9,1,0,45,463.3
7,93,9,4,12,60,708.2
11,86,9,10,8,52,644.8
1,53,8,6,19,87,746.5
11,87,4,7,7,66,695.8
6,94,9,3,12,94,895
7,68,6,9,1,61,594.1
7,86,4,4,14,50,617
9,58,7,5,13,44,515
11,66,7,8,18,78,750.6
11,48,7,3,8,68,601.6
10,76,7,8,18,67,718.1
5,76,8,11,13,44,572.6
1,82,5,1,7,76,713
2,67,5,8,4,94,767.2
4,91,9,11,6,60,684.2
5,96,8,11,3,76,774.6
9,63,5,10,7,59,589.3
11,67,7,8,3,36,471.6
1,75,5,6,20,60,654.2
3,91,4,5,0,54,599.6
5,57,9,9,7,37,458.7
3,64,5,6,6,66,610.6
4,74,4,1,10,35,475.3
3,43,6,6,20,58,555.6
4,53,4,1,15,84,698.8
1,78,4,6,16,77,738.7
8,65,7,3,4,90,754
4,47,7,6,6,78,636.4
7,63,9,6,9,67,648.9
2,55,7,1,12,72,637.8
2,59,4,9,19,82,725
6,54,8,8,14,86,739.4
2,46,7,2,5,69,571.7
6,97,7,2,1,51,620.1
11,56,4,5,3,92,729.8
2,61,6,10,20,82,744.4
4,61,6,2,13,77,687.5
7,93,5,11,14,82,826.8
8,51,9,1,13,78,683
3,57,6,2,3,67,584.5
9,95,7,5,5,45,604.3
2,85,8,11,6,57,641.3
8,86,5,10,12,72,744.8
8,54,9,7,16,66,643.4
4,76,8,5,16,53,623.1
1,55,8,1,3,46,466.6
1,44,7,7,18,62,575.4
2,41,4,6,19,36,414.4
9,91,4,7,12,44,599.8
2,67,4,2,8,53,543.7
2,96,6,5,1,62,668.8
6,80,4,8,19,81,789.3
7,93,9,7,17,42,629.8
7,66,7,6,19,77,738.1
9,70,6,6,16,57,629.5
6,80,9,1,6,82,764.2
8,75,4,1,16,79,748.7
11,86,9,7,9,64,710.6
6,82,8,3,13,62,682
2,40,7,6,11,47,457.9
1,89,7,5,11,89,832.7
5,68,9,3,16,71,702.1
9,40,5,6,18,46,481.4
8,47,7,3,13,44,477.6
4,96,8,8,16,85,862.7
5,55,7,7,14,51,542.3
5,97,5,9,20,35,594.3
6,67,7,5,5,56,574.8
3,61,7,1,18,49,551.7
5,57,5,11,19,50,555.8
2,61,7,10,5,54,543.8
10,80,9,11,5,89,819.3
1,51,6,8,3,44,443.2
11,58,9,2,0,76,656
1,64,7,6,18,60,623.2
10,89,4,1,10,83,796.3
7,98,4,6,6,95,875.7
2,44,6,4,1,88,654.6
4,98,7,5,3,57,662.5
5,73,8,10,5,51,573.7
7,78,7,7,4,68,674.8
2,98,4,6,20,75,803.3
6,49,5,1,8,91,709.9
1,86,6,9,10,56,639.2
7,96,5,6,17,93,900.5
9,46,8,6,19,38,472
5,99,7,9,16,41,628.5
5,76,8,10,12,39,540.5
4,86,5,5,16,65,705.9
3,91,7,11,9,53,645.1
9,99,9,6,17,38,628.6
5,91,9,6,16,84,846.2
8,54,8,7,11,56,567
9,81,9,9,14,37,562.5
5,63,9,5,18,57,619.3
10,65,4,5,14,38,495.2
9,100,9,4,12,80,843.2
2,65,4,10,6,58,568
9,85,6,4,10,93,849.7
11,65,4,8,7,48,532
4,97,4,2,19,83,840.1
6,49,5,10,15,75,656.5
6,56,4,8,10,85,708.7
6,92,4,2,4,37,525.1
2,53,5,1,6,81,652.1
7,41,4,10,15,55,520.1
6,87,9,9,15,60,704.4
11,52,4,11,19,35,465.9
1,66,6,8,16,64,642.4
2,48,4,6,18,85,701.5
7,46,4,4,14,38,431
1,87,6,2,14,48,603.4
1,49,5,8,19,52,531.2
1,95,9,3,20,46,651.2
8,93,4,10,14,72,768.2
4,48,9,4,2,76,621.2
4,61,8,5,11,70,654.6
2,62,9,4,5,50,526.4
11,46,5,11,19,35,452.3
11,87,5,8,4,37,531.7
11,48,4,9,10,73,629.9
1,66,6,1,11,69,644.5
10,63,5,2,6,95,776.3
9,68,6,4,8,88,764.4
7,56,8,1,17,93,787.7
4,59,6,11,13,49,538.3
6,46,7,6,3,72,594.2
2,82,6,5,7,50,581.2
7,79,5,7,15,51,612.9
2,46,6,6,3,68,559.8
10,67,6,3,18,44,554.2
8,58,7,5,5,45,491.3
8,59,7,3,18,62,629.6
1,83,4,9,14,61,662.5
8,78,5,2,11,72,707.8
2,79,4,6,11,52,589.2
6,46,7,9,1,81,640.5
1,45,6,10,8,82,653.6
5,64,7,7,2,64,600
11,80,8,5,0,47,561.7
7,98,6,2,13,50,656
10,52,4,2,12,36,434.8
1,78,6,4,4,54,577.8
2,79,8,10,6,46,561.6
7,61,7,2,13,63,620.9
6,88,5,8,15,80,798.6
3,56,9,10,17,42,514.4
10,87,5,7,13,72,751.6
2,61,5,7,0,80,657.4
10,73,7,3,5,90,785.4
4,47,5,7,20,81,692.9
3,88,8,8,9,54,642.4
7,84,7,5,5,93,831.3
8,57,5,1,1,69,593.1
2,63,9,1,6,73,655.7
10,99,4,11,16,65,759.7
7,93,7,4,13,50,647.8
8,99,7,2,6,57,680.1
6,81,6,7,20,68,731.8
6,41,5,3,8,66,550.8
10,41,4,4,18,51,507.1
1,66,9,9,20,77,741.9
4,53,8,2,10,58,557.6
1,87,7,8,2,69,689.7
4,78,8,1,3,88,772.6
2,92,8,3,4,57,645.9
11,92,8,4,3,42,579.2
5,95,6,6,12,88,853.4
10,51,8,1,8,57,550.1
9,71,5,8,13,55,609.3
11,67,5,2,15,53,589.9
10,94,4,5,5,65,700.1
3,67,4,6,9,84,724.4
8,85,9,8,20,41,613.7
3,64,8,3,12,82,728.6
6,43,8,9,2,58,512.8
4,65,6,5,10,80,709.4
8,75,8,8,2,42,523.6
11,89,8,4,6,47,607.9
6,42,8,9,9,37,418.1
8,40,7,8,0,68,550.4
1,56,7,5,3,47,475.5
6,46,6,3,7,91,704.3
1,87,6,1,19,88,839.2
1,44,5,5,16,92,722.4
8,58,6,5,4,66,599
7,78,9,4,16,69,726.3
3,85,5,10,8,55,624.7
6,73,8,10,7,35,494.5
9,74,6,8,6,36,494.4
7,88,9,3,4,91,835.3
3,55,6,10,3,76,637.6
6,79,6,9,2,77,716.5
11,89,5,3,7,60,668.4
4,86,5,4,4,37,509.9
3,78,4,6,4,58,597.4
9,66,5,9,16,60,633.2
10,80,5,10,14,42,572.6
2,77,7,2,7,81,737.5
1,89,6,2,6,71,708.7
2,89,5,2,16,42,580.8
7,64,6,5,11,52,561.8
10,65,6,6,3,52,544.8
1,95,7,3,19,46,639
6,53,6,3,17,70,643.8
7,53,9,2,3,74,632.2
9,53,5,11,9,36,440.8
8,64,6,6,2,54,545.4
6,75,4,1,4,90,764.4
3,43,4,9,11,37,404.3
8,86,7,11,4,74,738.6
7,54,9,10,4,78,670.2
3,71,5,4,3,68,630
9,57,7,2,5,83,695.7
2,53,4,6,9,80,658.4
3,97,9,5,5,80,799.6
2,40,5,3,0,40,369.6
1,81,6,3,15,74,733
4,100,5,5,10,91,870.5
5,59,8,4,5,44,486
6,49,5,5,19,58,570.6
5,49,6,2,17,52,529.6
1,98,8,11,5,67,729.9
3,63,9,1,16,73,691.7
1,73,7,5,11,41,520.7
11,100,9,11,16,79,863.7
5,67,5,1,20,82,753.2
5,66,7,3,17,78,729.2
11,79,5,8,9,63,667.7
6,40,4,11,19,53,518.9
8,72,4,8,11,72,692.6
10,43,6,9,3,73,597.9
1,46,9,1,9,59,535.9
4,48,4,4,4,51,468.5
10,55,8,6,3,95,760.1
11,44,8,7,15,85,716.1
1,73,5,5,4,71,653.1
9,99,7,7,18,37,618.9
11,62,8,11,5,58,592.4
7,82,5,10,20,92,868
7,89,7,8,6,88,825.8
5,64,4,10,9,52,548.2
7,96,5,6,6,83,808.1
2,90,7,11,13,60,692.2
4,52,6,4,9,55,528.3
7,63,9,1,19,45,555.9
3,50,9,11,10,91,743.3
2,91,6,5,13,92,859.6
10,90,8,10,11,75,787.1
2,56,9,10,3,51,514.3
1,76,7,10,12,85,781.1
5,52,6,4,2,79,638.5
6,66,8,5,12,72,688
6,59,5,4,19,55,582.9
9,72,5,9,18,38,537
4,81,7,3,14,95,855.5
1,71,7,3,18,66,673.6
6,47,7,10,19,52,546.4
5,95,9,7,3,78,782.2
10,68,7,2,5,94,791.2
6,79,6,9,14,62,674.8
3,58,6,8,3,70,611.2
2,45,8,6,5,71,588.9
6,83,6,9,1,78,730.6
1,99,9,11,3,84,824
7,78,5,3,17,60,661.4
7,87,8,4,14,83,819.1
10,80,6,7,11,89,821.7
7,60,7,1,7,89,739.3
11,96,6,1,11,58,694
10,61,4,1,8,44,491
1,81,8,8,6,72,706.2
4,49,9,6,7,83,682.1
7,49,6,3,19,42,486.6
11,91,6,10,9,36,562
9,68,9,7,10,78,733
5,55,5,6,1,69,587.1
2,40,7,5,3,90,666
7,56,7,3,20,86,757.4
10,69,5,4,20,55,624.3
1,65,5,11,8,91,759.9
7,92,4,11,7,61,680.1
6,100,9,1,4,57,679.9
7,85,8,9,13,66,722.2
10,58,7,5,1,60,564.2
3,92,5,2,20,94,891.4
3,60,5,11,16,41,501.1
7,56,9,9,7,67,624.7
2,85,8,7,1,51,586.5
1,79,5,8,14,42,549.2
9,60,4,3,1,76,640.6
9,92,8,7,10,51,652.1
7,80,4,11,13,82,780
7,79,6,1,20,76,764.6
3,84,7,6,9,81,772.1
10,88,5,10,6,82,789.4
2,58,8,6,13,52,550.6
11,99,4,11,12,70,775.6
7,46,7,10,20,91,763.3
9,56,7,6,1,73,628.9
1,40,5,3,9,95,700.7
4,76,7,6,0,95,796.5
6,96,5,3,0,78,754.6
7,45,6,10,2,57,507.7
10,65,5,9,10,46,534.8
7,41,9,7,18,92,752.2
10,98,4,4,8,57,677.1
2,71,9,3,12,87,779.5
4,96,7,6,3,67,712.7
5,87,7,9,19,87,855.7
1,93,7,3,5,90,827.4
1,44,5,8,1,62,510
10,76,8,6,8,78,746.6
3,70,5,4,17,57,614.1
10,51,4,5,3,41,432.3
3,74,5,3,0,81,699.1
8,69,7,2,0,36,454.2
9,87,6,9,19,35,573.3
11,45,4,3,16,38,441.6
1,54,9,6,18,42,503
11,54,6,5,2,83,679.7
2,100,4,10,16,63,734.5
10,55,4,11,2,52,508.6
2,59,7,8,3,89,721.1
4,52,9,5,12,71,640.9
2,83,5,11,14,65,693.3
7,81,9,8,11,40,563.6
9,85,7,11,2,78,752.8
7,70,7,5,20,58,647.8
6,73,7,11,7,94,815.8
10,68,6,10,0,82,713.4
1,42,9,6,17,75,645.1
11,48,9,5,12,49,521.9
10,50,4,2,6,74,617.4
9,50,8,10,12,46,509
5,64,5,10,16,80,730.4
11,61,7,6,12,83,740.3
5,81,9,7,12,48,605.8
6,97,9,3,10,61,715.7
9,85,4,3,13,86,811.4
8,48,5,7,20,71,648.9
8,59,8,11,9,47,530.5
8,98,8,10,7,91,881.5
1,60,7,4,5,72,630.6
1,49,8,2,18,80,687.8
8,61,8,9,18,72,702.2
5,68,5,9,11,37,487.7
9,48,5,6,20,50,534.2
2,100,7,2,6,46,610.6
9,44,9,3,17,48,515
8,79,4,5,19,68,715.2
9,50,7,11,17,84,731.8
4,40,6,11,2,65,531.9
1,92,8,5,8,73,747.9
1,81,4,9,5,39,504.9
5,40,9,10,0,46,434.6
2,97,9,3,9,60,698.8
8,93,5,2,7,51,623.7
10,78,6,10,16,78,775.8
11,99,9,8,2,87,853.5
5,85,6,7,2,45,554.1
5,44,8,9,2,67,563.3
2,88,5,3,6,75,726.5
7,61,4,6,10,74,662.8
8,65,5,5,17,80,736.8
10,92,8,5,4,38,559.8
1,45,9,10,1,66,555
2,71,6,8,13,65,654.7
10,87,8,1,0,45,564.9
4,50,9,1,3,51,489.5
5,49,7,3,13,61,571.1
2,86,6,11,14,42,580.2
1,78,8,2,19,55,640.7
9,94,4,2,19,67,753.1
1,73,4,2,16,84,757.4
4,70,9,4,2,39,483.7
2,51,9,1,3,95,730.5
11,90,4,10,17,66,742.4
4,83,7,9,0,59,623.1
8,55,5,5,4,92,728.6
8,77,4,5,17,42,559.4
11,42,9,9,12,61,574.7
9,41,9,5,13,60,560.8
11,91,7,11,19,74,810.6
5,44,4,8,2,63,522.5
7,50,7,11,5,43,461.5
3,97,4,1,10,52,635.8
10,64,5,1,8,41,487.9
4,74,8,4,19,76,752.6
10,74,4,8,18,55,632.9
9,61,8,3,6,50,535.2
10,76,4,1,20,37,538.3
10,61,5,11,9,66,631.8
1,94,9,9,6,44,596.8
2,50,8,9,4,66,576.6
5,71,7,9,3,42,505.8
3,74,4,9,16,66,673.8
2,70,9,2,4,84,731.6
1,84,4,11,16,38,548.2
10,92,7,11,16,63,740.9
3,47,5,11,16,46,489.6
1,59,6,4,0,87,688.7
1,81,4,2,1,71,658.9
1,73,7,7,18,70,706.4
8,43,6,11,8,85,679.3
3,57,4,3,19,53,554.3
11,90,8,9,14,71,776.1
1,43,9,7,18,81,685.7
7,59,9,8,4,65,611.3
10,97,7,9,12,78,822.4
3,48,8,8,3,60,535
8,55,5,7,12,79,686.7
4,65,6,9,5,40,477.2
4,77,7,11,11,63,666.9
5,64,4,1,8,51,528.5
6,43,9,11,14,93,752.9
7,80,4,4,20,54,641.4
4,98,6,4,14,76,798.8
8,84,8,5,16,80,803.6
6,80,8,8,4,81,755.9
1,77,7,10,4,44,531.4
1,92,7,1,4,40,543.6
9,58,8,6,20,95,824.9
10,53,7,9,13,82,715.8
6,60,8,10,1,66,605.6
10,54,6,8,8,36,443.2
8,42,7,2,13,44,461.4
7,76,8,7,14,71,723.7
6,92,7,5,3,61,670.5
4,89,4,2,5,75,724.5
7,85,9,11,13,53,657.5
9,55,4,1,4,85,682.9
11,53,5,2,10,75,651.9
10,48,8,11,20,50,555.4
10,86,5,10,13,95,878.7
7,46,8,6,6,85,682.3
1,53,9,11,13,54,555
10,45,7,8,12,94,753.2
9,60,8,3,17,91,795.1
4,54,4,5,1,70,582
3,91,7,11,8,39,564.7
4,47,9,2,10,52,511
4,73,4,8,19,42,549.8
10,79,7,4,10,47,585.1
11,40,8,11,5,75,619.9
2,71,8,10,0,44,506.2
1,97,4,6,4,70,716.4
10,88,6,3,13,53,649.7
1,90,8,11,15,65,728.9
8,44,6,8,8,70,596.2
2,69,7,8,18,63,659.1
10,61,6,3,19,79,732.1
5,59,4,9,7,57,552.7
4,55,5,10,7,66,593.8
8,46,5,5,15,83,689.5
2,46,4,10,17,93,740.9
10,89,5,9,7,45,591.1
9,89,4,7,8,36,536.2
7,41,8,10,4,66,560.8
7,86,6,3,1,92,811.4
1,53,5,6,20,39,472.7
2,70,8,10,13,91,805.9
4,89,5,2,17,65,714.7
4,100,7,6,12,47,645.3
11,80,4,5,11,56,631
3,53,4,3,14,69,613.3
7,44,8,7,20,53,549.1
8,50,7,11,14,63,604.1
2,79,6,4,0,57,585.7
4,44,7,11,6,53,495.9
3,68,7,6,12,50,563.8
2,50,9,9,17,65,619.7
6,44,6,6,0,50,452.6
4,88,6,4,10,60,667.2
6,93,7,10,12,37,578.1
2,71,5,2,19,92,812
4,75,9,9,8,94,827.6
11,54,5,4,15,57,575.3
6,58,7,4,10,91,756.1
5,61,5,2,2,43,460.7
3,73,6,5,16,85,779.3
8,95,6,6,1,58,657
7,56,5,10,8,67,611.7
3,51,6,6,8,48,483.8
6,64,4,3,15,62,617.2
4,95,6,9,0,58,649.2
11,56,7,7,16,77,707.1
5,49,8,3,9,84,688.4
11,67,5,4,19,86,787.4
5,96,9,7,4,41,585.1
7,57,5,11,7,72,640
11,90,6,8,12,78,797.8
5,57,6,6,20,59,607.1
11,84,8,4,4,90,822.6
3,71,8,2,3,36,464.8
10,53,9,10,7,79,688.9
5,95,7,8,6,86,828.8
7,55,4,1,4,35,403.9
5,89,7,9,9,57,662.7
5,97,9,8,16,81,850.1
9,57,5,3,5,86,704.6
3,55,6,10,9,74,647
6,56,7,4,15,52,552.6
1,46,6,10,9,81,654.5
10,51,6,4,3,42,445.4
5,73,7,2,1,68,639.6
8,49,7,11,0,77,630.5
5,44,8,10,2,42,427
9,60,9,5,12,63,630.9
11,42,9,3,11,47,487.1
6,58,4,11,0,35,409.3
8,84,8,1,20,63,718.9
10,83,4,2,9,84,781.6
8,74,7,11,5,71,689.5
3,45,9,7,8,35,408.7
7,53,9,1,0,78,642.8
7,43,4,2,11,39,414.9
10,84,5,10,4,87,798.1
6,90,8,7,0,82,776.6
7,57,8,1,1,89,714.3
2,68,8,7,13,84,757.8
9,74,9,8,1,36,490.6
10,91,6,11,4,81,791.7
10,77,9,2,9,94,840.6
1,55,6,4,19,56,570.8
1,59,9,7,5,64,596
3,63,7,1,4,45,488.1
3,74,9,6,1,63,624.7
1,83,7,5,8,76,733
7,90,6,11,9,37,557.7
4,58,8,6,7,79,682.7
10,95,6,8,5,47,616.5
2,43,4,11,4,90,672.4
10,72,8,11,20,37,555.9
5,41,9,1,17,44,473.6
6,52,9,3,19,38,484.8
9,97,9,11,17,48,683.6
4,100,9,9,1,95,884.3
2,84,9,8,11,57,656.1
5,69,6,4,7,51,552.5
3,73,7,11,3,35,471.7
2,69,6,10,19,91,814.5
1,90,5,9,3,49,584.5
10,93,6,7,8,94,878
2,63,8,2,8,88,741.8
6,87,9,1,11,87,829.7
8,83,6,1,13,36,534.8
3,72,7,3,2,52,549.2
11,80,9,10,5,73,732.1
9,88,4,2,14,56,657.6
9,49,5,4,18,62,594
2,57,8,8,3,64,582
8,58,7,5,0,47,485.3
10,46,5,5,8,90,708.2
11,96,6,6,15,37,598.1
5,58,5,5,8,37,442.7
4,63,9,5,11,79,714.5
10,54,9,7,13,87,752.7
5,80,4,6,14,60,652.4
4,81,5,10,20,38,562
8,62,5,11,15,50,563.2
4,91,9,2,7,62,687.8
10,91,6,1,9,42,582.2
6,43,6,1,13,88,696.8
2,77,8,4,16,74,736.4
5,43,6,2,2,50,449.6
6,44,5,6,3,65,540.9
5,80,4,9,15,57,642.9
2,83,6,10,13,36,533.6
7,62,9,11,13,43,533.5
4,79,9,10,15,61,683.1
8,92,8,8,7,79,795.1
7,76,8,4,17,88,823.8
7,100,5,2,6,93,870.3
9,50,6,1,2,93,713.9
1,94,6,7,5,56,643.8
10,50,8,10,19,78,710.8
6,52,6,3,15,68,623
6,53,5,6,3,43,446.9
6,99,4,5,18,67,762.3
6,47,9,5,1,72,598
10,64,5,2,3,90,741.6
7,57,6,9,1,68,599.6
10,90,5,11,6,69,725.1
6,83,9,4,14,92,859
1,83,7,10,16,81,793.7
3,57,9,1,13,60,592
2,49,9,2,10,41,452.5
6,46,7,9,16,79,680.5
8,99,6,7,4,82,812.4
3,89,6,10,13,79,790.1
10,83,4,2,16,61,678.9
8,53,9,7,19,46,540.6
8,54,5,4,20,51,553.3
5,55,4,10,1,55,510.5
8,41,6,2,6,77,611.7
6,69,6,4,3,56,568.4
5,69,8,5,7,60,612
9,57,4,4,0,73,612.9
7,70,6,3,9,47,543.1
8,83,7,6,0,76,721
1,87,8,1,0,76,717.4
11,52,5,8,3,79,654.3
2,59,8,5,16,57,590.1
8,88,9,8,4,85,810.3
9,89,9,10,13,64,732.8
4,74,5,4,5,89,763.3
10,62,7,4,6,51,542.5
11,81,5,5,7,61,652.3
10,72,4,5,17,54,614.4
9,77,5,11,3,41,519.9
4,74,5,6,2,89,755.5
10,90,8,5,3,38,550.4
10,75,7,5,15,83,789.3
10,100,5,8,12,65,749.9
9,59,4,6,10,64,605.8
11,94,8,2,10,65,733.1
7,42,7,4,4,90,684.2
2,47,7,4,19,38,454.2
9,79,6,5,0,52,573.4
4,98,9,6,13,54,690
8,71,4,11,19,74,731.4
7,68,9,5,18,74,731.8
7,46,8,11,4,87,692.5
8,41,8,6,19,82,697
1,60,4,8,5,81,671.7
5,45,7,4,18,84,703.8
2,67,5,11,11,57,591.1
2,87,4,3,13,85,797.9
1,81,8,9,16,72,741.4
5,75,9,3,6,43,535.1
2,71,4,11,20,95,838.3
4,84,7,8,0,50,575.4
3,81,6,10,16,55,644.3
3,92,6,5,5,43,567.9
2,85,5,9,3,86,775
6,48,5,3,13,59,550.3
2,50,7,10,7,83,677.1
8,62,9,10,17,70,696.4
8,89,5,8,19,81,824.7
5,50,6,7,12,77,659.1
10,88,7,7,7,48,611
7,41,7,11,15,51,512.5
4,42,7,10,4,62,531.4
1,50,4,9,2,79,621.7
11,89,9,8,12,75,791.5
2,98,9,3,14,90,883.8
10,74,5,6,3,82,732.4
10,97,9,11,2,42,601.6
4,54,8,6,1,48,479.8
1,82,6,5,3,49,560.1
8,50,5,3,5,73,610.1
9,70,9,9,3,59,613.1
4,67,6,7,16,93,809.7
10,67,5,4,6,45,515.7
3,71,8,6,17,63,665.7
2,64,6,5,9,37,462.5
5,59,8,1,16,73,679.3
3,67,6,2,3,56,554
10,64,4,1,18,71,682.5
7,50,4,9,6,75,625.3
11,58,6,9,12,54,571
6,67,6,5,2,53,543.7
1,40,8,8,7,47,449.1
8,98,9,10,10,61,731.1
2,44,7,4,15,53,514.1
5,49,6,1,19,50,524.2
9,81,5,4,18,36,547
8,85,5,7,8,35,521.1
2,73,5,11,9,37,492.3
9,75,4,2,5,58,599
5,41,9,2,2,78,610.8
10,57,8,6,19,72,694
6,52,9,9,7,36,440.2
3,90,4,3,5,90,809.2
3,44,9,7,7,50,484.8
10,59,9,10,13,63,639.3
8,41,5,9,7,71,586.1
11,50,6,11,10,78,674.6
10,69,5,9,9,38,499.4
10,71,9,11,9,48,580.4
2,71,6,4,10,51,562.7
11,97,8,2,0,78,779.6
2,89,7,1,14,79,785.1
5,77,6,6,4,51,568.7
6,94,4,5,13,54,658.8
2,67,5,6,19,94,815.8
5,49,5,7,7,81,656.7
7,61,9,9,16,63,648.3
10,94,9,10,3,75,776.3
10,56,9,10,3,60,579.8
8,61,9,11,17,76,727.6
7,82,5,6,18,72,746.4
8,58,6,6,2,51,510.9
9,56,8,3,8,46,505
5,63,6,8,6,90,750.4
5,75,4,9,1,62,607.8
11,71,5,1,8,43,521.9
10,97,6,6,5,66,724.6
4,95,5,7,5,68,714.4
9,97,4,11,15,50,665.8
5,85,7,8,1,82,759.8
2,98,7,10,15,88,875.8
10,91,7,11,2,65,701.3
8,75,5,8,15,89,813.1
7,67,6,7,11,61,622.7
8,53,5,8,2,63,559.9
3,97,8,11,10,35,571.9
4,75,6,9,10,61,639.7
5,45,4,10,15,87,704.1
6,48,9,7,4,66,580.6
1,60,7,3,19,93,792.5
4,51,6,9,7,45,469.5
11,100,6,1,10,87,862.1
10,97,7,8,10,69,764.9
5,69,4,6,17,36,497.6
7,70,5,11,18,80,760.4
5,79,5,3,9,35,495.7
1,95,9,9,3,40,567.6
11,43,6,6,9,41,440.7
7,70,7,7,13,36,505.4
8,66,8,11,5,36,477.4
7,97,4,2,4,81,784.1
11,96,5,1,14,87,859.3
4,64,4,1,4,39,446.9
8,44,4,3,5,47,444.7
5,45,9,11,18,53,550.5
10,44,4,3,19,53,529.3
9,90,7,8,16,81,828.3
10,66,9,7,13,35,502.7
5,47,7,10,10,69,607.3
1,48,9,8,13,91,739.9
9,54,7,1,4,52,511.6
5,75,9,4,12,83,776.7
6,96,9,8,11,91,887.1
4,80,6,10,18,66,710.6
6,46,7,2,9,66,576.8
8,71,6,7,12,87,783.1
3,47,9,8,14,42,474.8
5,86,5,9,19,45,612.9
2,90,9,7,12,54,659.8
2,54,5,9,3,42,440
7,76,5,2,8,62,634.6
10,58,5,11,18,55,592.9
10,78,5,1,19,72,737.8
11,45,7,1,6,72,605.4
10,98,8,11,14,40,630
6,58,7,4,16,36,474
4,96,8,1,13,44,618.6
5,67,7,7,13,76,712.4
1,56,5,8,8,43,465.3
7,81,4,3,15,89,818.7
8,58,9,1,1,37,437.7
9,70,8,3,13,36,509
8,50,4,2,3,70,581.2
5,54,5,6,2,42,439
3,49,8,11,2,43,444.7
10,82,4,7,10,60,656
11,62,7,9,4,68,637.2
9,42,5,5,15,82,674
6,42,7,4,18,64,586.8
5,57,7,1,8,72,636.2
3,64,5,11,10,42,498.2
6,82,8,6,11,37,541.3
3,59,9,11,7,45,507.1
10,97,6,8,13,59,715.7
6,68,6,4,16,86,774.6
4,61,9,1,19,39,510.9
2,89,5,5,14,46,599.6
8,96,6,10,14,89,879.5
4,54,9,5,11,64,605
9,78,4,2,8,61,634.7
7,49,9,6,11,77,668.7
2,60,8,10,18,39,506.9
4,94,9,9,11,54,674.8
5,91,7,6,10,86,828
3,68,7,8,5,55,569.9
9,71,5,10,7,37,492.3
5,49,7,3,10,75,637.9
2,52,4,10,2,94,713.4
11,86,9,2,15,84,835
3,62,4,4,5,78,660.4
9,89,5,9,8,89,834.5
7,62,7,9,8,38,477.8
2,70,6,3,5,58,580
9,43,9,1,4,41,426.9
4,91,6,1,0,58,627.6
9,88,8,4,2,86,801.8
2,99,5,4,2,45,582.1
10,42,8,11,11,36,429.8
4,60,6,10,3,89,726.1
5,92,6,6,20,78,816.6
2,41,6,5,15,75,622.9
10,43,8,6,10,40,445.4
1,40,5,10,7,41,405.3
7,54,9,7,8,72,647.2
10,96,9,7,13,52,686.2
1,72,4,10,14,79,729.7
11,45,4,10,18,43,484.3
11,46,6,9,8,87,702.9
8,58,5,6,16,62,614.6
3,83,5,8,8,53,605.3
10,40,7,2,2,38,389
6,78,7,8,15,38,546.4
7,58,8,9,12,47,533.3
10,84,7,4,16,62,703
1,65,9,5,3,91,753.3
6,83,9,5,20,45,622.1
7,51,8,2,8,87,710.3
6,61,4,5,8,36,443.8
4,52,6,9,17,40,479
1,67,5,4,13,46,527
11,53,4,10,19,89,764.7
9,61,9,3,2,74,658
4,69,4,7,3,71,641.7
7,83,8,8,0,90,802.8
7,59,6,10,17,58,606.2
2,83,9,6,3,86,783
1,66,8,6,9,89,762.5
8,77,4,5,3,94,797.8
8,98,5,11,20,95,935.7
7,81,7,6,16,43,585.9
8,91,8,9,7,60,688.8
3,100,9,2,18,38,618.2
11,95,4,10,8,75,776.3
2,80,7,11,15,78,768
7,73,7,3,14,38,524
8,78,4,1,19,83,789.9
1,80,6,4,15,86,797.2
10,96,4,2,20,68,770
9,83,9,6,11,56,659.2
11,76,5,1,17,47,589.5
4,40,9,8,6,49,467.1
4,93,7,10,15,74,787.8
3,54,5,6,18,72,654.4
6,71,8,9,5,75,700.5
1,47,7,6,5,88,682
6,72,6,10,5,77,706.9
2,57,4,7,14,89,738.1
9,84,8,5,1,78,743.6
2,68,9,8,8,87,762.9
7,71,5,8,7,90,777.4
1,72,8,10,6,36,483.6
7,44,6,9,15,36,432.2
5,57,4,6,14,77,676.9
8,87,8,1,8,42,571.6
4,97,9,9,19,72,810
10,49,5,3,14,52,526.2
7,75,8,9,1,88,772.4
6,72,4,7,19,63,665.1
5,62,9,3,13,45,530.9
4,79,8,9,10,90,820
7,44,5,7,2,40,403.2
5,73,4,7,1,43,494.9
5,63,6,7,17,56,599.6
1,56,6,2,13,80,683
2,70,7,11,4,85,739.1
5,46,8,4,11,59,549.9
3,56,5,10,13,92,758.2
2,67,8,8,5,65,624.3
4,77,4,2,7,55,585.3
4,100,7,4,6,72,760
4,61,5,10,6,86,718.4
4,54,8,8,11,53,543.7
3,76,5,3,6,44,522
7,54,4,6,11,80,678.2
9,89,7,2,15,71,759.7
5,89,5,8,6,46,582
4,64,4,8,7,53,542.5
11,92,6,1,0,95,848.1
2,60,5,3,12,36,448.4
2,94,7,2,18,49,649.9
5,77,9,7,0,72,685
7,41,9,7,17,42,473.8
10,66,5,4,6,80,705.2
10,88,5,8,16,69,749.5
9,71,4,3,14,72,695.8
7,60,8,9,18,77,724.7
5,43,9,5,3,64,546.8
10,83,8,2,16,43,597.5
10,58,9,9,6,64,616.8
10,41,5,1,15,83,673.7
6,65,7,11,16,53,596.9
11,73,7,8,19,63,692.5
3,53,9,6,14,36,457.4
5,54,9,1,8,62,581
8,59,4,4,20,42,514.4
1,73,5,3,12,59,611.9
1,75,5,7,6,44,519.8
7,58,8,7,18,56,600.8
5,48,4,6,10,69,592.3
5,46,6,10,7,76,628.2
1,69,7,10,16,58,625.2
9,52,7,8,3,60,554.6
1,66,5,7,3,65,598.1
5,83,4,4,17,57,652.7
10,74,6,7,16,36,529.2
9,52,7,1,2,93,724.3
4,54,4,3,8,73,619.9
8,85,6,2,5,67,685.3
6,95,9,7,1,58,667.4
11,48,5,9,11,46,489.2
3,84,8,5,14,71,737.3
4,62,7,9,8,43,499.3
2,93,7,8,1,78,755.8
1,75,6,1,11,77,715.5
8,92,8,11,15,78,820.4
1,79,9,2,6,37,504.9
11,42,4,6,0,78,601.8
1,73,5,5,20,57,630.5
4,58,4,11,6,58,552.2
10,67,6,7,2,67,631.1
10,62,7,9,19,64,664.2
6,79,9,4,4,72,703
9,88,7,8,2,77,752.7
1,84,4,4,14,36,522
7,46,9,3,5,74,619.2
10,80,5,2,14,56,640
11,51,6,8,2,45,465.3
5,100,5,11,0,93,856.7
8,53,6,8,1,46,467.4
7,85,5,11,3,53,605.9
4,54,4,3,20,54,556.2
4,42,8,1,13,89,704.1
6,54,9,6,13,43,501.5
6,90,6,5,9,77,768.5
9,63,4,8,10,92,774.2
5,91,7,6,3,52,617.2
8,85,7,4,14,75,766.7
5,47,5,10,19,81,695.1
2,44,7,10,3,88,673
6,90,8,11,19,52,681
9,43,6,2,19,74,647.4
3,53,5,8,15,70,632.6
1,55,6,5,1,61,538.3
1,59,6,8,12,47,514.3
3,63,4,5,7,81,687.9
10,45,7,6,12,42,464.8
5,94,9,10,19,82,859.2
3,96,6,5,20,77,817.9
9,70,8,11,7,57,613.7
8,45,8,3,3,89,689.5
3,74,9,10,4,93,804.7
9,54,7,8,20,47,546.9
6,68,7,3,5,41,492.9
7,42,5,4,18,84,690
4,50,5,6,9,74,624.8
4,42,5,2,2,36,363.2
2,67,7,7,12,37,488.5
5,49,6,5,8,76,634.6
8,89,4,10,16,73,768.5
7,72,9,5,9,57,619.7
7,87,9,5,11,94,875
6,55,9,2,12,41,485.3
3,98,5,11,9,38,574.8
5,49,4,10,18,87,726.3
1,72,8,9,20,89,821.5
7,75,7,3,18,42,565.6
9,42,8,7,16,66,605
1,44,5,5,4,53,467.1
2,51,6,10,7,88,703.2
3,96,5,10,4,46,594.6
3,83,4,5,14,91,826.7
8,52,5,4,3,44,451
7,63,9,10,12,48,559.4
6,83,6,6,16,61,684.5
10,96,6,7,4,78,785.4
10,71,7,7,0,55,574.7
11,55,7,11,14,54,575.6
4,71,9,8,9,91,801.3
9,84,6,5,10,38,545.4
1,76,9,7,17,53,627.3
11,95,6,4,12,63,725.5
2,75,4,9,19,41,547.5
4,60,5,5,15,87,745.5
3,86,7,3,18,67,728.1
1,51,4,5,11,42,447
5,90,5,9,13,45,604.5
7,60,7,11,1,67,609.9
2,99,9,8,9,59,705.3
5,90,4,1,3,67,677.5
6,60,8,5,0,70,618.2
11,82,8,6,16,60,694.8
7,92,7,10,10,70,751.8
1,45,4,11,6,45,435.7
7,48,5,2,16,64,588.8
4,40,5,6,16,91,712.1
8,51,4,9,8,67,593.1
4,97,8,4,9,44,611.6
6,53,4,3,5,63,555.7
9,45,8,9,16,59,577.9
5,40,8,2,15,66,581.6
4,61,9,9,6,38,470.8
8,73,9,11,18,89,838.5
9,95,5,10,3,91,847.7
4,50,7,11,19,93,778.1
3,42,6,11,16,73,627.5
8,81,4,2,8,68,680.2
5,45,8,11,10,56,535.4
2,45,4,10,0,47,427.1
10,59,7,3,6,88,735.8
9,60,7,7,4,85,718.3
3,41,6,2,4,70,556.4
2,65,6,1,0,40,446.6
1,70,8,9,5,93,786.5
8,65,9,6,12,88,782.6
11,95,6,9,14,51,672.3
3,71,9,3,3,60,602.4
7,49,9,3,16,58,577.6
1,62,8,10,12,43,512.5
1,97,5,3,10,36,550.6
9,45,9,2,3,54,502.2
8,62,8,11,6,61,606.3
3,67,6,6,18,40,521.8
6,88,4,3,6,84,779.6
11,69,6,5,13,61,641.1
3,53,7,11,20,89,766.5
4,76,6,5,15,88,803.4
1,94,5,10,20,58,705
5,71,8,3,8,49,558.5
1,88,9,3,1,89,802.1
1,73,7,1,15,82,755
10,80,8,6,4,92,822
11,83,8,3,11,67,715.7
11,90,9,1,19,76,815.4
7,61,6,10,14,44,525
6,70,4,9,2,55,559.7
2,46,7,11,8,40,433.2
11,80,9,1,6,64,675.2
2,60,5,5,3,57,535.7
11,55,5,5,8,70,627.2
7,59,4,2,14,80,698.6
1,82,4,1,20,91,835.3
2,83,6,6,6,83,763.5
8,86,5,7,10,37,541.9
6,89,7,11,18,60,714.2
2,58,9,11,10,68,638.8
7,87,4,9,0,64,655.4
4,71,4,8,20,52,602.2
2,54,4,10,12,51,516.9
6,44,9,3,12,79,662.5
11,50,7,9,1,85,684.5
9,54,5,1,16,76,675.6
11,68,7,6,18,55,627.7
9,89,9,10,14,88,868.2
8,84,7,2,18,58,681.4
3,43,6,10,9,38,413
3,88,9,9,9,83,807.5
2,75,4,9,8,94,801.6
5,87,5,8,18,82,814.8
4,62,6,11,10,59,592.1
7,54,6,7,5,85,695.3
4,85,9,6,1,58,632.2
9,83,8,2,9,80,775.2
2,42,4,4,14,86,673
11,71,5,10,4,61,618.1
6,49,5,7,17,65,604.7
7,79,5,6,6,81,746.1
4,77,9,9,2,85,763.7
6,61,4,5,20,69,666.1
7,53,9,6,15,86,743.8
4,56,5,10,16,54,561.4
8,60,7,6,1,50,512.4
9,90,7,8,15,94,896.4
1,87,4,8,20,65,715.7
7,54,5,6,19,41,495.3
9,97,9,8,0,52,644.2
10,54,8,7,13,42,500.8
5,40,8,1,15,61,552.9
2,63,8,5,8,48,525.4
10,94,7,11,16,52,686.4
6,94,9,10,7,35,561.9
7,51,8,10,8,90,736.4
2,49,5,10,1,65,545.9
2,85,5,5,12,54,624.8
10,81,8,10,0,40,530.2
10,81,6,9,6,79,755.1
1,91,8,7,17,35,568.9
4,100,6,7,20,53,702.3
7,70,4,10,4,73,668.7
9,50,4,2,6,89,697.9
3,93,5,8,11,61,689.5
11,55,9,3,16,90,779.6
7,100,7,9,4,50,644.2
7,48,9,6,11,48,506.2
7,86,5,9,18,68,740
2,53,5,9,12,41,462.1
6,58,9,7,15,54,582
2,70,7,10,18,65,675.5
6,48,5,8,9,56,526.2
10,75,7,2,11,54,612.6
3,92,5,5,6,49,599.9
2,78,4,3,13,59,627.9
6,93,6,1,9,80,789.2
2,65,5,6,7,35,444.5
5,47,6,9,14,51,516.3
2,63,8,2,15,50,556.6
3,47,5,9,7,71,594.1
3,58,4,8,3,55,519.9
6,86,7,11,16,61,703.9
6,87,4,9,3,90,806.6
10,69,6,5,10,89,782.9
3,97,7,2,12,93,882.5
3,61,4,10,5,69,615.1
1,94,4,10,13,58,676.8
7,48,4,6,6,86,676.2
8,97,9,7,11,85,859.9
2,97,7,3,0,36,527.4
4,83,4,6,9,91,812.9
10,87,4,6,0,80,745.8
7,43,6,8,15,94,747
8,76,4,1,6,89,772.7
1,47,4,4,19,87,708.5
4,40,8,1,5,59,505.9
6,67,7,8,17,53,602.7
3,45,8,2,19,79,677.7
5,86,9,8,3,47,585.9
10,75,6,3,15,63,672.5
9,92,8,8,0,66,701.8
11,50,9,6,20,40,506.8
3,44,5,1,19,90,720.8
5,89,7,7,1,43,556.1
8,63,4,7,15,86,755
6,86,8,6,20,35,572.9
4,57,8,1,8,58,561.6
8,59,4,5,14,44,506.2
11,67,4,1,15,69,672.3
3,52,6,1,8,40,436.8
3,44,8,6,6,82,651.8
4,69,8,8,9,54,587.4
9,40,5,1,6,72,577.6
5,61,9,2,12,46,528.8
8,57,5,5,1,37,421.9
6,85,8,8,11,89,838.7
3,44,5,11,12,52,500
8,70,8,4,2,55,575.3
9,45,7,5,10,69,603.3
8,66,6,10,7,71,666.7
4,95,5,5,10,53,646.5
11,64,8,3,17,59,635.1
6,68,5,6,6,90,760.6
1,67,9,5,11,52,572
4,55,6,2,5,74,625.8
8,93,7,10,9,64,720.4
1,92,4,4,19,90,860
3,51,4,11,14,76,655.4
1,59,5,4,19,85,737.9
9,57,8,7,14,76,698.2
2,73,9,7,18,87,810.7
9,94,6,9,5,68,728.2
4,92,7,10,18,44,630
2,62,7,2,14,56,578.8
4,84,7,6,19,84,824.6
11,66,4,2,19,38,513.6
11,88,6,9,17,37,584.5
10,56,4,2,1,83,667.9
6,87,5,6,6,90,817.6
11,60,7,8,4,90,751
7,89,6,6,2,83,777.9
3,79,7,3,5,62,635.4
3,70,4,5,5,56,564.6
10,42,4,4,0,46,421.4
8,56,4,1,18,83,720.5
5,100,7,5,11,47,642.7
4,89,6,10,4,75,739.5
7,97,6,5,6,67,726.3
7,65,5,7,19,81,749.5
9,62,7,7,7,53,558.5
9,45,5,2,18,75,651.1
5,67,9,4,5,51,552.9
8,47,5,1,14,81,673.3
10,94,5,5,5,68,721
1,97,5,5,8,38,557.2
9,84,4,4,3,73,704.1
8,47,9,10,15,42,490.6
6,58,5,7,9,67,615.5
3,77,6,6,0,35,463.1
3,68,5,10,10,39,492.5
8,62,4,3,16,66,640.6
5,86,8,2,17,74,770.4
10,71,9,4,19,35,534.5
11,49,8,9,19,69,659.1
7,66,8,10,14,56,614.8
5,88,9,5,5,63,683.1
8,40,7,1,15,51,499.5
10,78,6,11,1,64,649
10,68,4,3,2,69,631.5
4,98,9,9,16,94,923.8
2,84,8,7,7,35,515.9
3,42,4,3,19,38,426.8
8,90,4,1,14,43,588.9
11,86,7,4,12,79,790.9
7,76,8,9,20,66,719
2,70,5,7,18,39,520.1
6,50,4,5,0,48,449.6
9,61,8,11,11,85,754.3
4,57,4,6,17,60,591.6
9,74,7,1,17,57,643.3
2,45,7,7,2,80,625
2,42,5,5,17,56,523.8
9,44,7,7,16,61,579.1
7,48,8,5,10,59,557.7
7,67,9,5,4,70,659.2
1,58,7,3,6,38,439.8
11,67,9,5,17,66,689.4
6,66,5,8,6,43,498.5
7,52,6,8,17,36,461.8
11,100,4,2,1,76,763.4
6,77,4,11,5,84,752.8
6,82,8,1,7,91,818.7
2,92,5,2,20,73,773.9
6,60,5,11,20,87,773.7
4,66,5,7,16,80,730.8
9,85,4,3,3,87,782.9
1,45,7,8,16,59,556.3
8,77,4,4,15,95,842.9
5,88,4,10,20,81,817.1
1,50,4,10,14,44,471.2
4,86,7,8,14,71,744.5
1,80,6,2,7,59,619.1
6,92,8,5,16,74,790.6
2,56,6,6,18,88,750.8
5,95,6,1,0,87,801.1
7,78,4,1,12,63,654.1
2,46,6,9,5,71,586.7
6,69,4,5,9,39,487.7
6,60,4,4,0,48,478.4
5,40,8,1,11,67,572.3
5,64,5,3,18,61,624.3
3,71,4,4,14,39,503.5
10,98,6,11,20,85,889.1
10,96,8,11,4,88,854
11,47,9,5,1,91,712.5
2,44,9,10,18,78,677.8
7,69,9,5,13,49,580.3
1,90,6,10,8,37,541.1
6,47,5,8,0,35,377.1
6,88,7,3,12,58,670.2
3,58,5,7,16,46,517.8
2,83,8,6,1,79,733.3
2,98,5,10,13,48,640.2
9,94,9,11,19,91,917.9
11,69,5,10,5,76,698
5,54,8,10,5,54,533.2
7,75,8,11,17,92,851.2
5,94,9,6,18,48,664
7,83,6,10,8,48,592.6
4,66,4,9,14,79,716.5
8,52,7,7,6,87,710.1
11,53,7,11,5,69,621.5
10,76,9,7,4,95,832.1
11,93,7,11,18,90,901.2
10,87,5,1,19,53,660.3
7,69,8,1,0,54,554.4
10,78,8,9,20,76,786
5,86,9,9,6,78,767.8
11,52,8,11,17,57,597.7
6,97,4,10,7,68,730.4
5,55,8,3,11,35,443.7
7,83,8,11,9,38,551
2,46,5,11,5,74,601.2
5,87,6,8,15,51,638.5
10,94,7,9,18,60,734.8
3,94,5,1,17,48,633
9,66,5,3,12,80,722.4
6,84,5,6,19,85,825.3
10,100,7,4,6,66,739
3,94,9,8,6,70,742.6
7,74,5,9,15,54,616.8
4,54,6,7,9,50,510.4
3,67,9,11,14,85,774.9
8,74,8,1,13,53,610.1
4,46,6,2,11,79,646.7
11,89,9,1,14,73,778.9
1,85,8,9,7,58,645.8
6,89,8,4,6,48,603.4
10,90,5,10,20,63,738.5
11,85,5,8,8,76,753.8
11,59,7,5,13,48,544
1,71,4,5,6,86,732
5,77,6,5,11,45,558.3
7,100,7,11,13,45,649.7
6,79,7,5,10,81,765.3
2,71,6,3,18,74,715.2
11,65,9,6,5,58,599.8
4,97,6,1,2,56,641.4
11,78,8,8,5,83,774.3
2,59,4,4,8,89,720.1
11,57,9,6,1,89,732.7
1,89,5,2,5,55,612.9
3,54,4,2,13,40,452.2
3,91,4,8,18,48,631.4
7,61,5,1,3,43,466.9
1,90,4,8,13,69,722.9
9,61,9,10,20,78,749.6
11,92,9,10,9,70,765.2
6,60,9,1,5,59,574.3
4,41,7,9,10,49,476.1
3,79,7,1,12,79,750.3
3,92,9,4,17,92,890.2
2,82,5,9,19,62,688.4
2,57,5,1,13,84,704.4
10,62,6,9,19,48,571.8
5,52,6,8,19,47,525.1
9,80,9,5,10,75,750.1
2,48,4,6,20,65,598.3
2,88,4,5,4,39,519.7
6,46,5,4,7,53,492.1
10,80,4,10,3,42,530.8
2,93,8,4,11,47,618.9
4,40,7,10,5,75,600.3
6,41,4,8,7,51,466.5
5,43,4,8,3,66,539.4
1,53,6,9,19,39,477.3
6,71,8,3,9,43,530.9
1,75,4,10,10,77,714.1
3,41,7,8,14,68,591
10,79,4,3,4,79,726.3
5,89,5,2,2,35,500.7
10,90,8,2,14,74,782.2
5,53,4,9,1,49,470.3
10,59,8,4,1,88,724.4
6,64,4,5,7,66,614.4
10,81,7,2,13,68,714.4
8,88,7,9,8,69,728.3
5,47,8,7,4,87,686.7
11,67,9,3,11,83,760.1
1,85,6,6,9,84,783.2
5,60,6,7,0,93,736.3
3,62,5,6,18,62,623.4
4,71,9,10,10,51,587.1
8,47,6,11,16,80,691
7,70,8,10,2,45,525.5
11,76,6,6,0,57,597.1
5,55,5,8,16,89,750.5
2,79,4,8,5,60,615.2
6,81,6,5,12,80,768.2
11,66,8,4,19,39,539.1
6,79,8,11,3,60,637.6
10,80,5,5,4,40,521.6
10,57,5,9,14,95,793.9
11,74,7,10,13,85,798.5
6,88,7,6,18,77,798.7
9,91,7,3,14,68,747
11,54,4,3,11,76,660.6
8,92,8,1,17,47,644.7
8,66,7,5,13,59,619.5
1,56,8,6,9,36,441
5,79,5,8,7,48,566.4
7,41,4,11,3,51,458.5
6,88,5,9,17,75,779.1
5,89,8,7,7,74,751.4
8,70,9,1,3,74,684
3,100,9,7,10,73,789.5
6,76,7,10,4,59,620.9
5,80,9,9,9,61,666.5
8,80,5,4,5,82,750.8
4,73,9,11,3,85,757.5
8,73,6,7,17,58,646.6
10,90,4,9,20,83,842.9
2,94,8,1,16,67,745.3
9,98,7,10,6,61,710.7
9,42,5,9,8,79,638.5
10,56,4,4,2,65,574.7
10,53,7,8,8,82,697.6
6,53,5,3,3,72,602.8
4,85,9,2,18,49,635.7
4,77,8,8,8,78,740
6,74,6,8,19,90,829.6
5,40,6,3,5,74,584
6,87,9,8,10,92,862.2
7,68,8,11,14,35,506.5
7,43,4,11,5,45,438.3
9,100,8,6,19,49,694.5
8,72,9,10,9,67,682.7
6,56,5,9,17,91,771.1
6,67,4,10,15,82,744.6
5,89,6,6,3,66,683.8
1,65,9,8,19,59,635.3
9,47,5,2,12,73,625.7
9,73,9,1,4,67,659.9
9,98,7,10,19,63,765.9
11,57,7,10,18,92,803
8,70,7,2,17,68,691
10,98,6,4,19,42,640.8
3,66,8,10,16,90,800.6
1,55,4,9,15,45,493.9
11,97,6,7,0,47,606.3
8,49,5,9,20,39,478.3
7,79,5,9,0,84,745.8
5,51,7,9,19,53,560.7
10,61,4,8,13,55,576.9
7,55,7,6,1,37,423.9
10,51,5,11,14,60,585.8
4,50,5,10,2,67,567.3
9,59,8,7,12,64,631.4
11,90,8,2,18,56,698.8
10,40,8,11,0,39,402.9
2,66,7,1,12,53,566.3
9,42,9,5,14,43,473.7
9,51,4,8,15,92,755.2
5,69,8,3,10,58,608.8
11,48,6,7,2,73,609.1
1,92,8,5,7,46,596
7,100,7,10,5,80,813.8
10,93,4,8,4,95,862.3
10,76,8,6,14,82,789
4,40,4,6,8,79,614.5
9,81,6,7,4,61,644.9
6,88,5,7,20,84,836.4
3,43,4,4,9,76,606
6,54,9,10,5,87,721.1
10,90,8,10,10,55,673.7
6,66,7,10,3,72,659
5,47,9,8,19,88,748.8
2,99,9,6,11,69,764.7
10,99,7,11,19,66,788.6
10,62,7,8,5,93,774.9
2,54,7,7,0,70,590.2
7,66,9,1,17,67,679.1
2,70,4,4,1,77,663.3
6,78,7,7,4,51,579.3
5,86,5,9,15,39,566.3
4,47,9,2,11,78,657.4
7,69,9,5,11,54,601
8,97,9,9,10,57,704.9
4,94,6,9,19,73,793.3
1,81,4,6,18,38,540
1,57,4,7,20,60,597
1,43,7,9,6,64,545
11,86,9,10,1,82,786
1,82,9,8,5,81,759.7
5,61,7,10,3,80,686
4,42,4,6,1,63,508.7
9,54,7,6,16,68,646.4
3,74,7,7,7,44,533
7,86,7,7,4,54,621.8
11,77,7,2,9,58,635.8
8,72,7,9,15,68,698.6
6,53,8,4,1,71,604.9
10,87,8,10,18,47,647.9
1,40,9,9,6,57,506.3
8,92,9,11,1,44,590.2
10,88,8,10,12,56,680
3,65,4,3,3,79,666.9
8,47,6,5,15,48,504.4
4,89,4,5,9,59,653.7
8,55,9,7,16,52,569.4
11,77,8,4,20,54,658
1,49,4,11,13,89,713.5
3,81,6,4,11,62,658.6
6,76,7,1,12,42,543.8
9,65,5,6,19,39,521.3
2,67,8,4,7,55,571.3
11,51,8,11,16,54,574.8
1,59,6,10,17,91,775.7
10,88,7,10,20,78,823.8
3,53,7,5,9,50,507.4
4,85,5,11,12,92,845
11,74,7,9,1,54,586
5,68,6,4,16,85,767.1
3,51,9,1,5,59,541.3
10,91,7,11,11,41,599.9
11,57,9,9,12,59,608.7
2,83,9,5,3,70,693.8
2,41,6,10,14,85,680.5
7,41,8,11,15,44,478.4
9,98,8,7,20,74,830.6
10,56,8,3,18,50,563
2,49,4,4,14,38,430
7,57,8,10,5,44,491.2
7,61,6,9,19,85,766.3
11,58,5,10,5,82,698
7,97,7,1,4,65,708.1
3,92,8,11,1,46,586.8
7,40,4,5,19,54,519.2
1,63,9,8,1,66,606.6
10,100,4,10,4,36,561.2
1,75,6,7,2,94,785.6
5,64,5,4,5,45,493.3
2,75,8,7,10,54,603.6
9,70,8,1,4,57,591.5
7,70,4,6,17,47,565.1
4,41,6,9,13,69,591.9
4,58,4,3,9,51,514.3
2,92,4,4,2,44,551.2
5,51,5,8,15,74,652.6
4,49,6,5,15,72,634.4
1,70,5,5,10,48,538
8,84,6,1,3,53,597.3
3,100,8,6,10,66,745.4
6,61,7,2,7,90,747
4,62,9,1,15,88,769.8
9,91,7,6,7,67,721.3
7,62,6,5,8,91,760.1
9,54,7,5,13,77,684.5
10,65,4,9,7,59,591.7
3,42,8,10,15,59,554.7
1,62,9,10,1,48,507
5,59,9,3,19,79,729.3
3,100,9,1,18,78,837
6,84,8,8,19,88,857.4
8,79,7,5,19,72,750.4
11,96,9,11,18,95,946.5
4,78,9,5,18,70,733.8
5,95,6,8,17,58,707.8
5,47,4,8,12,75,631.5
4,57,6,11,16,94,790
4,80,7,2,0,73,682.7
4,45,8,3,20,73,651.3
4,66,8,10,4,47,525.3
4,75,6,10,19,36,534
5,54,5,1,20,68,637.2
2,76,6,3,12,94,819.8
2,97,5,4,5,49,608.3
9,44,6,11,9,92,726.2
2,78,5,7,8,82,746.6
6,48,5,9,5,93,717.3
2,46,9,5,0,36,385.6
5,80,9,1,17,86,821.6
4,59,5,2,6,59,554.3
7,49,5,10,9,39,440.1
7,65,4,2,11,68,640.4
6,43,5,9,20,86,714.8
10,77,9,10,14,73,751.7
5,63,5,7,16,39,498.3
1,53,8,2,2,77,628.9
3,80,4,1,14,42,543.4
9,40,5,5,0,83,622.5
1,56,9,1,10,48,508.8
5,84,9,9,5,63,675.9
2,63,7,3,15,64,630.4
4,66,9,2,20,71,706.5
11,46,4,6,11,38,431.2
1,48,9,3,20,69,636.7
3,82,8,5,14,41,566.3
10,74,6,10,17,60,668.2
7,97,8,8,9,66,743.4
10,51,8,10,11,77,681.1
3,60,4,2,19,67,639.1
4,42,4,5,18,88,702.8
2,54,7,11,4,58,542.6
3,60,9,8,17,84,755
9,49,7,1,18,88,742.2
3,72,4,10,11,93,800.5
11,85,9,10,0,35,521.1
5,98,4,11,1,63,684.7
2,91,4,4,2,82,757.2
4,45,6,5,11,79,647.3
7,41,8,10,13,72,624.4
7,68,7,11,6,72,678.4
3,94,7,3,3,55,635.1
5,79,5,2,11,57,622.3
1,72,6,3,7,80,711.8
10,100,4,11,0,39,565.3
10,43,4,5,4,64,538.2
10,98,6,7,0,74,755.8
11,43,9,2,14,52,526.6
1,68,7,7,12,40,506
5,76,4,6,12,39,518.1
10,99,5,7,3,76,775.6
9,99,7,7,14,52,687.8
1,59,8,9,11,93,773.9
1,80,6,7,7,47,559.1
4,62,7,6,15,89,772.5
4,84,8,10,11,54,641.6
2,57,5,8,5,72,619.6
9,88,9,7,14,55,680.1
9,64,6,6,6,38,473
2,40,9,4,4,47,440.5
9,93,4,7,14,52,656.6
6,54,9,8,11,47,519.1
8,73,4,8,10,47,554.7
10,87,8,4,3,73,732.7
4,59,7,10,12,71,659.1
2,93,5,9,17,95,896.1
2,76,8,3,7,69,674.1
9,66,5,9,6,72,665.2
1,61,9,3,15,74,686.2
7,90,5,7,2,61,656.7
11,44,9,4,15,92,755.4
3,73,5,5,15,60,634
3,78,6,3,6,46,543.4
2,42,8,2,12,36,406.4
10,56,6,8,12,77,688.3
6,63,7,7,20,92,814.2
10,63,7,7,18,94,826.4
2,42,4,8,17,54,512
10,84,4,1,6,69,690.7
4,46,4,8,19,89,727.3
10,64,7,10,17,44,554.6
9,95,5,5,17,42,619.8
9,42,9,8,3,74,610.4
6,54,5,9,8,80,674
4,68,8,2,20,70,702.6
7,89,7,3,15,65,723.9
1,68,9,6,3,49,532.5
4,49,9,9,7,76,647.2
5,71,9,10,2,52,567.4
8,62,4,10,8,88,742.8
2,78,9,8,7,49,580.5
5,48,9,6,11,53,529.7
6,76,7,5,13,58,640
5,91,5,3,9,69,718.7
9,79,5,4,20,36,547.8
10,53,6,7,16,47,526.7
1,43,6,7,10,79,634.3
3,59,8,3,9,91,752.9
2,67,7,4,12,43,517.9
3,53,6,3,1,91,698.9
10,83,6,2,0,69,677.3
9,73,7,6,0,36,473
9,52,5,7,15,80,695.4
10,70,8,4,9,50,575.6
2,72,8,5,9,80,731.8
3,91,8,8,6,70,729.2
4,78,6,9,6,36,497.6
9,67,5,7,0,50,524.4
3,64,8,10,12,42,517
7,71,7,1,4,92,778.6
3,48,8,11,2,35,397.7
7,67,4,3,12,52,563
7,97,5,11,11,88,861.6
9,70,4,5,17,75,721.9
2,56,5,3,4,60,541.2
6,92,9,1,4,78,771.4
9,62,7,2,1,39,455.1
2,52,9,8,5,55,528.7
2,94,6,7,6,69,720.7
5,49,6,10,0,74,602.4
10,55,9,3,2,62,576
10,45,5,4,19,88,730.4
10,87,8,3,1,60,653.2
8,50,4,4,9,66,582
11,97,7,8,10,94,904.4
9,91,8,9,20,82,856
2,42,6,7,12,84,667.6
5,67,8,9,15,78,737
7,100,9,9,19,78,858
6,80,9,7,10,55,636.5
6,54,4,7,17,38,466.8
7,99,6,8,10,93,892.5
3,52,5,10,0,76,614
3,81,7,3,17,75,753.7
10,91,9,8,19,70,791.8
9,95,7,1,4,58,667.6
8,84,6,6,1,67,673.5
5,56,5,2,17,39,474.7
6,46,9,7,6,91,718.9
11,67,4,3,10,37,481.7
10,77,7,11,10,45,576.5
1,52,6,10,12,79,671.7
10,99,7,5,3,66,727
1,56,5,10,0,56,512
4,54,4,2,17,45,495.3
2,75,5,1,11,92,795.6
11,67,9,5,9,72,695.2
7,54,8,9,7,93,757.3
2,85,5,9,2,56,606.6
10,92,5,7,6,38,555.8
2,50,7,9,19,73,661.7
5,95,5,4,10,37,559.3
4,70,6,3,6,88,752.4
8,43,9,11,6,44,460.2
4,74,7,4,8,71,683.3
6,73,7,7,2,53,568.5
5,91,8,8,10,52,647.8
11,66,9,2,16,62,657.4
2,49,6,5,7,65,564.7
11,69,9,5,19,51,619.7
8,84,5,9,1,58,623.2
2,59,8,3,20,35,480.3
9,68,6,6,19,39,534.7
9,97,8,10,0,66,719.2
3,92,9,5,15,87,857.1
4,68,4,2,3,51,522.7
8,62,9,2,8,91,771.7
9,96,5,4,7,55,659.1
3,89,8,4,0,75,725.5
5,60,4,7,7,77,663.3
11,87,5,1,4,56,627.8
8,82,8,11,0,73,711.9
3,49,8,6,6,73,617.3
7,80,9,11,14,68,728.4
11,51,8,9,6,48,505.4
8,69,8,2,0,50,535.6
10,100,7,5,8,39,598.5
11,90,8,10,0,52,625.2
3,72,9,11,11,38,521.2
2,57,7,10,6,78,667.2
10,53,7,4,8,85,709.3
7,61,4,4,4,62,574
9,60,5,8,11,79,701.5
1,40,7,6,1,61,498.9
3,88,6,7,17,40,582.6
5,82,7,11,8,45,574.7
3,91,6,9,0,81,761.7
1,99,4,3,9,55,653.3
7,54,6,11,13,51,540.3
7,75,4,2,20,65,684.5
10,86,4,3,13,68,717.4
8,93,4,8,6,47,601.1
5,61,6,9,11,57,581.1
10,71,6,10,5,91,788.9
5,97,4,5,12,35,557.9
5,85,4,8,7,38,525
1,93,5,11,20,64,736.2
10,72,4,7,1,65,622.9
5,97,8,9,9,81,823.1
6,80,5,4,5,50,570.8
1,98,5,10,15,77,804.5
11,78,5,3,9,37,515.7
7,62,8,9,14,46,546.6
1,82,5,8,20,46,600.6
11,94,5,7,19,45,646.5
2,41,6,1,9,50,460.2
2,41,9,2,10,63,549.5
5,77,6,9,20,87,824.7
10,94,4,5,1,55,631.5
7,90,4,1,9,79,767.9
1,68,7,9,20,78,744.6
10,91,9,1,11,76,789.2
1,85,8,8,10,92,841.8
1,99,6,5,14,77,802.5
6,42,4,11,3,84,641
2,78,8,6,4,39,508.5
1,46,5,1,0,86,636.2
6,75,8,2,0,47,533.1
2,68,6,7,9,51,553.9
6,94,9,2,3,46,599.2
10,76,7,5,12,51,606.1
8,88,6,11,13,35,556.3
2,97,9,9,18,42,637.6
11,75,4,5,4,50,559.2
9,62,4,3,10,49,528.7
8,84,8,11,7,53,631.7
10,55,6,6,0,59,543.1
1,87,4,7,4,65,660.1
7,70,5,10,20,76,744
10,73,5,11,17,36,530
6,89,7,10,12,91,863.1
6,40,8,11,4,93,705.5
6,57,4,8,6,59,555.1
6,97,7,3,11,65,732.3
10,79,5,11,1,38,504.6
7,82,7,4,12,38,545.4
3,95,7,10,13,86,851
6,95,4,4,5,46,589.4
3,54,4,2,15,51,519.5
7,87,4,7,9,55,634.1
7,88,8,4,10,63,698.5
8,56,7,4,0,56,527.6
2,83,7,8,14,70,726
9,49,8,6,15,74,665.4
5,59,5,6,9,50,521.8
9,45,6,11,9,49,492.7
10,47,5,9,2,64,552.6
5,84,8,4,10,80,776
7,73,7,9,10,85,776.1
11,100,7,1,15,45,652.5
9,71,4,11,5,91,779.3
4,90,4,9,8,47,592.1
2,93,7,1,0,57,628.5
9,81,7,7,5,74,724.2
2,43,9,6,17,89,727.1
3,83,4,7,12,75,734.3
10,89,4,9,1,68,692.8
2,78,5,10,18,54,630.2
3,59,7,4,1,36,420
6,63,7,9,3,42,483.8
3,63,8,3,3,52,530
10,94,5,10,9,90,861.6
8,65,6,11,16,88,789
11,64,6,11,15,41,530.1
6,75,6,9,20,77,765.7
7,46,9,1,7,65,574.1
1,49,4,5,5,95,712.1
3,97,6,10,1,56,646.8
3,86,8,5,14,62,693.8
2,51,4,1,10,59,534.3
7,40,4,1,20,86,693.8
9,91,6,3,15,35,564.5
4,89,4,9,3,66,676.6
5,64,5,7,10,59,590.9
3,55,5,6,13,82,695.4
11,44,6,9,7,50,490
9,58,8,4,5,63,595.5
4,43,4,4,20,76,645.4
5,45,7,3,18,58,559.6
1,65,6,5,3,51,520.1
11,88,9,5,3,95,864.3
2,78,4,10,5,76,702.6
9,95,6,7,10,40,591.8
2,94,6,7,0,48,584.8
5,78,8,6,1,60,619.8
8,48,7,4,8,94,739.8
3,84,4,7,15,62,676
6,91,6,2,5,81,776.3
4,53,6,9,8,70,616.4
11,87,4,7,18,65,727.7
7,94,6,2,4,61,673.9
10,48,6,10,20,36,468.4
3,54,6,2,9,53,518.9
6,76,5,6,6,62,630.6
10,89,5,11,1,79,760.1
9,92,7,7,19,78,826.8
11,59,8,9,3,91,755.7
10,47,4,4,7,55,509.7
1,71,8,8,2,89,756.1
3,86,8,10,1,79,749.1
2,60,5,2,8,49,505.1
8,96,7,6,10,68,750
7,80,8,4,3,74,711.2
2,58,8,8,8,37,453.5
6,68,6,9,5,35,462.7
3,97,4,2,0,95,839.5
8,70,7,7,2,58,591
10,93,4,7,6,77,768.9
3,45,5,8,8,61,535.3
10,43,8,5,7,43,450.5
9,82,8,11,20,58,699.4
1,68,9,3,12,51,570.5
5,81,4,1,17,62,670.6
3,42,5,4,18,73,621.5
6,40,9,3,8,89,691.9
10,83,9,2,19,38,584.6
2,94,6,6,5,95,859.1
9,54,9,7,20,63,642.5
6,86,9,10,11,79,793.5
7,60,6,7,3,62,580
5,85,8,8,8,90,832
9,97,8,2,9,71,767.7
1,70,7,11,2,63,609.3
5,46,9,10,16,78,683
11,56,4,6,6,86,708.2
10,95,8,6,7,63,717.7
11,58,5,10,10,39,478.5
6,78,4,1,12,45,553.1
7,99,7,2,2,36,549
4,42,9,9,18,38,454.6
1,69,6,8,13,44,531.2
11,74,7,4,15,90,825.6
8,97,4,6,14,73,780.9
10,96,6,2,1,78,769.2
4,68,5,5,5,42,488
3,89,6,2,20,89,859.3
7,91,6,5,6,57,653.3
2,93,5,7,8,61,676.1
8,53,8,7,8,57,559.3
6,74,8,9,16,82,785.4
7,67,6,3,2,68,625.8
5,97,6,4,3,69,721.9
9,69,7,9,1,51,550.5
5,65,8,8,0,81,695.3
11,46,5,7,9,84,683
5,78,9,8,2,44,542
3,70,9,9,9,88,781
11,44,6,4,8,36,410.4
1,74,6,5,16,51,591.3
2,89,9,9,14,65,726.5
8,86,7,7,2,50,595
1,91,7,4,20,58,697.6
7,53,7,6,2,91,718.3
5,100,4,11,3,41,576.5
3,75,5,1,3,53,555.9
11,66,4,1,16,50,568.2
7,63,6,9,5,67,625.7
9,79,7,8,10,70,714.4
2,68,7,1,11,79,711.9
8,92,9,11,6,44,607.2
9,84,9,2,12,77,776.3
11,61,7,4,5,85,725.1
3,47,8,1,2,49,459.7
2,54,9,2,20,77,699.5
7,88,5,5,13,37,553.7
5,44,4,8,13,36,411.4
5,91,5,6,9,77,766.3
10,43,9,6,4,76,627.4
5,50,7,4,1,69,578.5
4,57,6,2,5,61,560.3
5,81,8,3,10,39,540.3
4,88,9,6,17,49,646.1
6,69,5,6,20,70,701.2
4,54,6,5,10,83,692.9
2,45,9,6,14,67,601.9
9,94,7,11,2,35,543.3
2,92,7,6,1,46,574.4
9,55,7,1,6,76,653.4
10,86,7,6,4,75,742.1
6,79,9,5,20,43,599.1
9,48,8,8,12,91,748.1
9,82,8,9,7,92,839.8
3,98,5,6,8,86,829.4
1,73,9,10,7,54,593.4
1,66,7,4,9,64,618.2
3,52,8,3,1,48,468.2
5,75,9,10,9,92,823.2
3,66,6,1,10,57,579.1
9,48,8,7,10,63,586.1
9,44,8,5,4,85,672.3
3,90,5,4,13,76,765
3,61,8,9,2,69,621.3
5,70,6,7,19,86,792.4
2,42,7,10,1,61,511.7
6,69,4,8,17,88,788
7,60,5,4,0,83,677.3
9,74,6,10,0,61,613.9
6,45,5,10,16,64,587.4
3,67,9,8,5,37,476.7
5,71,7,4,12,46,552.4
4,81,8,1,20,81,800.9
5,76,9,11,20,65,716.3
8,64,8,8,0,71,643.3
8,71,6,1,5,61,609.1
6,74,7,3,7,81,737.7
1,61,4,7,12,86,724.8
8,63,4,3,1,58,548.6
8,78,8,8,7,82,769.6
2,93,9,5,0,75,741.1
4,69,7,3,12,74,697.2
2,89,7,5,0,45,555.3
4,71,6,5,9,61,619.5
10,70,9,8,4,43,529.3
7,62,4,9,19,50,568
9,79,6,6,12,48,593.4
8,72,5,10,4,81,725.1
9,64,7,3,9,64,627
8,75,4,2,2,80,707.8
2,63,6,11,1,58,555
7,70,8,3,1,76,684.2
2,97,5,9,4,47,599.9
11,78,6,7,3,67,669.5
2,85,8,11,1,89,800.3
4,52,4,11,20,43,499.3
1,49,4,9,8,83,661.1
5,62,5,6,8,60,582.4
6,57,8,8,8,83,711.5
9,71,7,10,3,76,702
10,72,4,11,7,79,725.1
8,75,9,9,17,84,811.2
2,67,7,3,8,47,525.1
1,55,7,7,2,55,515.5
2,55,6,9,5,63,569.7
7,57,6,2,18,62,616
4,47,4,7,4,58,507.6
10,81,7,5,16,47,612.7
5,55,6,8,18,90,767.2
7,94,8,4,2,76,760.8
3,95,8,1,7,54,648.2
10,50,8,11,8,73,647.1
2,45,8,10,7,41,435.5
7,40,7,8,13,75,631.1
5,100,8,6,9,82,834
1,100,7,8,16,49,666.3
1,51,4,3,2,59,507.5
9,96,4,8,2,69,719.5
5,77,8,8,2,47,551.1
1,67,8,1,3,77,673.1
7,84,8,4,16,42,591.4
9,97,4,7,13,55,681.7
11,56,6,11,1,87,711.5
1,40,4,1,11,90,673.2
10,71,8,3,4,40,505.4
4,47,6,3,1,44,424.4
3,93,6,6,11,92,862
5,79,5,5,8,83,758.7
7,95,7,11,8,86,843.2
8,82,8,7,19,75,782.7
2,85,7,3,0,55,595.9
7,63,5,11,6,48,522.6
1,49,7,1,17,86,711.8
7,86,8,11,9,93,862.5
8,78,5,3,14,79,757.7
2,78,7,8,8,92,811.6
9,49,4,5,10,67,591.1
1,75,6,3,0,59,581.5
6,64,5,8,10,90,764.6
1,99,4,6,0,53,615.3
3,89,8,3,4,43,561.9
11,98,6,5,17,83,862.7
6,96,5,1,0,81,768.7
3,49,6,6,9,86,690.2
8,58,9,9,12,71,671.7
5,85,9,7,7,70,721.8
2,84,5,11,12,70,717
4,54,5,8,19,91,766.7
9,55,7,6,1,49,493.9
4,41,6,11,20,39,453.1
10,68,9,5,11,51,587.5
10,43,9,6,12,64,588.6
8,92,6,7,7,41,576.1
5,89,9,9,14,40,595
11,68,4,8,6,49,543.1
11,70,9,5,6,91,798.5
10,56,9,7,16,86,763.4
1,49,8,8,18,80,695
7,66,4,1,2,44,479.6
3,92,7,8,6,40,562.8
10,80,5,11,11,76,750.6
8,54,9,7,13,89,759.7
3,99,7,11,1,86,823.4
1,83,7,2,6,94,821.6
5,70,4,2,15,75,703.5
2,60,5,6,8,47,498.9
11,99,8,3,0,48,621.8
4,98,7,1,11,35,563.9
1,97,8,8,1,67,709.7
9,80,5,7,17,53,637.7
6,85,5,4,13,43,574.5
8,84,4,1,11,71,714.7
11,99,6,2,17,83,862.1
4,65,9,9,4,82,718
9,77,4,4,6,46,544.8
2,90,8,3,3,39,537.5
9,75,4,8,12,40,531
5,91,5,4,15,86,833.8
6,56,7,7,15,89,759.7
3,90,9,5,18,45,630.3
4,42,9,5,3,85,657.3
6,100,6,11,19,87,894.7
7,53,5,6,19,72,662.8
1,88,9,4,0,89,799.9
7,52,9,2,12,44,494.8
1,80,7,6,19,49,614.1
5,66,8,5,19,84,775.8
6,40,8,3,8,87,676.5
2,96,8,4,9,95,885.1
10,56,4,3,5,73,627.7
9,87,8,3,6,89,827.7
10,89,8,4,15,62,719
6,73,4,2,16,37,508.9
7,53,7,4,0,90,703.6
10,93,5,10,8,50,635.2
8,94,9,11,13,79,829.5
11,98,6,2,14,51,672.9
10,56,9,10,3,70,634.8
1,42,8,8,7,53,488.1
8,73,8,10,14,38,538.8
4,79,9,5,3,93,812.3
10,64,9,7,18,59,645.7
8,100,8,11,2,61,706.7
6,41,4,4,7,46,434.2
11,73,4,10,1,90,769
9,65,4,6,7,61,597.1
11,70,6,10,7,38,503.2
4,48,5,4,16,95,755.7
2,69,8,6,15,58,623.4
2,59,7,1,15,51,544.5
5,60,9,6,15,94,804.8
10,68,9,6,6,90,786.2
9,98,8,2,14,60,727.2
3,64,8,10,16,52,585.6
8,77,8,10,2,56,609
4,97,9,9,0,40,569.4
6,83,8,6,7,53,618.7
10,64,9,11,6,95,807.7
6,48,5,7,17,71,634.7
3,78,7,2,4,68,660.8
5,83,4,2,14,45,574.1
3,65,7,2,6,90,749.6
11,96,8,10,9,58,706.8
11,76,7,11,15,79,779.5
1,55,8,9,1,71,606.9
7,76,7,3,17,57,647.7
4,51,6,4,14,74,646.8
7,63,7,1,18,77,719.7
3,65,4,1,19,38,493.4
11,59,4,4,13,52,551.6
5,48,7,2,1,64,542.6
5,62,9,8,17,49,572.5
2,78,9,4,8,71,700.1
11,68,9,3,0,57,582.7
10,70,7,3,15,46,568.4
2,58,9,6,11,38,471.2
4,59,5,6,11,38,460.6
4,62,7,6,18,86,766.2
4,82,4,6,9,75,721.9
6,66,9,8,19,75,736.3
2,69,6,8,4,48,524.6
6,60,9,9,2,93,760.7
7,83,4,1,8,92,815
11,74,5,10,20,90,841
10,88,7,8,14,93,883.5
3,46,9,5,13,42,464.8
11,61,6,3,10,57,582.5
8,49,4,11,12,35,427.1
2,62,6,10,6,90,743.8
11,54,8,3,1,45,473.7
8,69,4,6,2,61,590.1
11,73,8,8,19,38,559.4
5,52,6,10,7,63,574.7
2,99,7,2,0,51,614.7
7,43,7,9,20,83,709.1
2,57,7,5,3,53,513.5
6,95,8,5,12,79,813.5
10,62,7,1,13,85,749.7
3,72,5,6,8,92,784.4
9,73,4,11,2,83,731.1
3,73,4,11,13,58,619
11,75,6,5,3,86,762.6
3,74,9,7,16,78,759.4
5,56,8,7,14,86,742.2
7,67,4,4,11,80,714.8
8,53,8,5,13,88,744.4
11,73,6,10,18,75,753.1
7,87,7,8,9,91,846.5
9,50,9,2,4,78,652.6
5,96,6,1,16,90,875
10,52,5,6,16,66,622.6
11,72,7,11,2,65,646.3
3,96,7,4,15,83,837.1
6,94,7,10,8,50,639
5,41,6,3,16,66,580.4
4,73,5,7,19,78,751
2,92,9,8,11,76,784.6
7,68,8,11,1,92,775.8
5,76,6,4,19,68,707.8
4,43,4,10,15,69,597.1
8,51,4,11,20,93,779.3
9,65,6,11,5,71,660.1
9,97,8,6,1,50,629.8
3,100,4,11,8,55,666.5
3,67,8,11,4,47,527.5
5,42,7,2,17,92,733
5,59,6,8,20,90,786
10,49,7,6,17,52,548.8
2,91,4,11,9,36,536.4
1,57,8,9,9,90,744.6
8,92,7,11,9,67,735.1
3,92,4,6,17,75,777.1
1,92,5,6,15,52,644.2
1,66,7,2,5,62,591.2
11,70,5,5,11,71,687.9
2,66,5,9,3,69,624.5
6,81,9,1,19,71,750.9
6,40,4,4,15,46,458.4
3,45,6,10,10,74,620.4
4,50,8,10,0,42,436.2
2,73,4,3,4,88,741.8
2,78,9,1,16,59,657.7
7,59,9,1,10,41,491.3
1,92,7,1,13,36,552.2
7,60,8,1,8,67,626.1
1,60,9,2,9,90,749.6
6,57,6,11,3,67,601.3
3,60,4,5,1,74,620
8,58,6,2,5,94,752.8
6,43,7,4,2,91,683.9
11,52,4,9,12,83,703.7
2,57,7,3,11,57,560.3
8,91,8,2,17,39,598.9
5,68,8,4,5,95,793.5
8,64,6,9,9,48,539.8
8,95,6,4,5,42,580.2
6,52,8,5,4,54,519.8
2,66,5,4,14,52,562.4
8,99,8,8,14,57,718.9
11,58,4,4,11,63,602.3
6,88,7,2,8,41,561.9
6,40,8,4,12,58,531.8
8,77,8,2,15,80,775.6
1,58,9,9,20,59,618.9
2,91,7,11,1,48,588.4
9,40,9,8,16,72,637.6
11,79,7,9,8,37,531.3
8,56,4,4,18,87,746.1
7,60,7,1,5,80,683
7,61,6,3,3,48,501.2
5,54,8,7,14,37,466.7
2,89,7,1,17,76,778.8
11,78,4,11,11,43,560.7
6,87,7,8,11,87,829.3
10,78,8,9,19,41,590.1
3,71,5,8,16,60,635
4,88,7,5,6,41,554.7
10,43,6,11,19,41,478.7
11,83,8,9,4,78,759.6
2,84,4,4,11,92,821.8
2,71,8,9,16,70,702.4
8,43,9,1,1,86,662.2
8,92,5,11,3,47,595.9
10,40,4,3,1,37,368.1
6,72,5,4,13,54,596
5,46,5,11,13,43,463.9
8,48,6,10,12,87,717.7
4,40,7,1,16,56,522.4
11,55,6,6,16,86,748
4,57,6,4,17,79,702.5
5,93,9,4,2,67,708.7
1,86,6,1,20,95,878.1
1,45,4,5,15,57,525.1
2,41,7,9,18,95,752.3
8,48,7,6,5,57,528.5
7,43,4,8,5,72,583.2
10,84,6,11,17,86,842.4
9,62,6,4,8,60,592.4
5,93,5,9,17,66,742.6
2,82,5,7,5,95,819.9
7,84,9,7,8,90,836.2
8,82,8,8,17,62,705.6
7,90,5,2,15,64,711.4
7,47,7,6,12,74,640.8
5,78,4,7,10,51,584.5
2,64,6,3,7,91,750.3
6,55,8,8,16,90,771.2
4,74,5,1,8,52,566.4
10,56,8,1,5,59,565.9
2,57,4,10,0,38,413.6
9,99,4,3,0,60,666.2
7,66,8,6,12,65,652.7
6,54,8,7,6,46,491
5,99,9,2,9,88,863.6
3,56,8,6,17,82,725.2
10,82,6,5,5,52,601.4
10,44,7,6,12,44,472.8
4,55,5,1,4,70,594.8
3,54,5,10,20,36,468
11,81,5,7,14,94,860
8,85,8,8,11,59,677.7
3,73,8,7,10,81,748.1
7,87,9,9,7,43,585.7
7,58,8,1,4,81,683.5
7,47,9,10,7,66,593.4
7,86,9,9,4,39,550.5
2,49,6,11,9,85,688.7
10,44,6,11,14,37,442.7
3,91,6,3,5,51,606.5
10,87,6,2,17,47,626.1
9,92,4,6,2,90,820.6
3,65,6,11,8,37,471.3
2,61,6,5,9,62,591
9,83,6,4,6,38,527.6
10,62,9,4,18,52,597.6
9,52,5,8,1,90,704
4,48,5,10,7,69,589.3
9,88,5,3,6,48,592
3,59,7,1,4,50,503.6
7,67,4,5,3,46,501.8
7,83,9,8,10,45,593.7
11,96,8,3,9,36,577.4
8,76,9,2,0,67,654.5
10,63,6,1,3,47,505.3
4,83,5,4,5,64,652.8
3,72,9,11,17,60,662.6
3,59,4,2,12,84,705.8
5,99,6,8,12,52,669.8
11,87,7,11,0,47,585.5
1,69,8,10,3,38,475.4
10,83,6,9,3,93,827.9
3,48,8,10,17,67,623.5
6,84,9,1,17,49,632.1
3,88,6,2,17,51,637.1
5,56,7,6,14,40,483.6
9,75,9,10,17,39,566.9
2,53,4,7,14,67,605.1
11,58,8,2,16,88,772
2,46,8,8,4,50,475.4
6,98,4,10,10,80,809.6
6,42,8,9,15,58,554
11,72,9,8,19,95,874.3
11,83,5,9,1,39,521.7
8,71,4,6,16,37,511.7
11,86,7,11,0,69,703.5
2,50,6,7,17,95,769.1
9,81,6,6,16,61,684.5
2,41,4,7,17,46,463.8
1,65,5,3,18,84,745.8
10,100,9,4,4,75,790.5
2,43,7,9,12,59,539.9
7,56,6,3,5,89,718.5
8,56,6,2,12,51,534.1
5,67,9,11,17,83,778.1
6,69,5,7,3,54,556.6
1,79,8,6,8,62,649.6
6,62,4,3,2,84,688
8,85,5,6,7,95,846.5
3,63,5,7,12,69,645.7
11,68,5,6,10,84,751.2
1,43,5,1,9,49,454.3
11,77,8,1,10,67,691.9
4,68,9,9,2,37,472.7
1,58,7,6,13,41,483.7
8,66,5,2,13,44,524.6
5,68,5,11,18,75,722.9
1,95,4,1,3,60,646
8,75,6,11,0,75,693.1
9,74,8,2,1,74,688
10,91,5,8,5,40,561.6
2,45,7,5,12,67,585.1
9,98,7,7,13,50,670.4
8,62,7,7,0,58,560.2
7,78,4,2,7,90,786.8
3,85,7,4,17,64,706.4
2,83,9,2,13,94,856.2
7,87,4,7,1,91,804.9
5,91,8,5,11,44,603.6
6,47,7,1,0,45,432.5
4,94,6,2,20,78,815.8
2,41,5,6,14,56,511.8
9,52,8,4,10,37,451.5
3,79,9,7,17,72,744.8
7,96,6,2,16,74,792.2
8,60,8,2,2,57,553.9
2,70,9,6,14,79,742.9
6,91,7,8,12,90,861.2
11,87,8,1,2,53,617.7
8,75,8,5,12,74,730
7,100,8,1,8,87,856.1
11,87,4,11,9,89,833.9
3,91,6,6,0,47,571.1
1,77,9,7,1,70,669.4
6,66,7,6,13,37,495.7
8,75,5,9,4,56,595.4
6,87,7,3,9,59,662.5
5,62,7,8,18,54,594.6
11,94,4,3,7,62,690
8,60,4,11,12,91,768.1
2,52,8,7,8,37,434.3
1,76,7,5,17,56,632.6
1,86,6,1,3,78,726.8
4,65,4,11,7,71,648.1
6,79,9,4,4,91,807.5
9,46,4,11,5,72,599.8
1,85,6,9,19,52,644.8
1,78,4,8,4,54,573.8
5,61,6,3,0,80,663
10,78,5,2,18,39,554.1
5,62,6,11,3,77,669.3
5,97,5,9,0,93,845.3
10,69,9,1,18,43,565.5
6,57,8,9,3,63,585.7
8,81,8,7,13,51,627.3
3,57,4,2,13,46,494.2
9,85,6,11,8,91,840.3
1,49,4,5,18,60,563.8
4,78,6,2,10,67,673.3
9,69,4,5,15,67,668.1
8,65,8,7,18,70,700.8
10,46,9,5,3,63,560.3
9,46,8,2,8,56,528.8
1,44,4,11,16,52,505.2
9,40,6,5,14,51,498.5
3,85,7,10,7,78,756.6
11,57,9,6,12,86,753.6
10,52,6,5,0,58,527.4
9,64,4,2,1,56,541.4
1,79,6,6,9,78,732.2
1,47,5,6,20,39,454.7
9,49,6,2,12,35,427.1
11,71,8,4,10,53,600.5
6,56,8,7,13,64,619.8
4,77,5,1,15,73,714.7
7,54,9,1,5,49,503.3
5,54,6,11,1,80,655
10,96,9,11,4,92,880.4
7,87,7,6,18,69,753.7
8,79,6,7,6,39,522.7
8,90,8,5,16,40,601.6
1,59,8,10,4,59,564.3
8,54,9,8,11,45,512.1
6,74,4,11,18,85,793.5
4,45,8,4,17,56,548.8
8,69,4,3,11,93,793.1
3,96,8,7,2,68,718.4
4,47,8,4,3,91,699.7
6,70,7,1,14,78,730.6
11,87,4,11,14,91,861.9
7,86,4,8,10,89,822.7
4,71,8,5,1,48,529.6
4,84,4,8,17,93,856.5
7,97,8,8,2,43,593.1
6,91,8,5,17,54,681
11,54,9,8,13,50,552.4
8,57,6,7,5,92,744.8
1,52,4,3,1,51,463.1
10,63,5,4,0,51,516.3
11,79,9,11,7,68,709.6
7,53,4,7,9,76,647.6
7,67,4,4,19,45,549.5
11,50,7,6,17,69,647.3
7,45,5,2,19,68,612
7,95,5,2,10,70,742.4
10,64,7,3,17,42,535.2
10,100,7,10,15,53,705.3
8,40,4,7,4,86,648.6
9,64,6,3,6,84,722.4
9,41,7,3,1,67,547.3
2,71,5,4,10,90,772.8
7,52,5,10,12,57,558.3
7,72,4,6,19,92,825.4
4,71,6,1,15,36,497.6
9,95,8,6,13,42,620.6
8,63,7,8,6,63,612.3
1,66,7,8,6,76,678.8
2,43,4,6,11,85,662.7
2,63,9,6,11,41,502.7
11,62,9,3,19,83,772.3
8,68,6,2,0,94,765.8
1,73,5,7,5,63,614.9
4,60,5,8,7,65,600.9
10,69,8,10,12,64,667
5,65,5,6,4,69,627.3
9,59,9,5,9,59,595.7
7,55,9,4,13,81,713.1
8,42,7,1,8,38,410.2
11,88,8,9,16,83,842.9
9,76,6,11,2,77,715.9
7,97,8,10,11,72,785.6
5,79,6,4,11,51,596.1
5,83,9,2,10,44,577
10,64,5,4,3,35,441.5
11,62,4,11,7,52,548.6
6,83,8,5,9,80,772.8
5,98,8,2,13,53,677.3
11,40,7,7,0,95,703.7
9,72,7,3,11,84,767.8
3,54,9,8,4,90,725.8
3,56,6,4,13,66,612.4
7,73,4,11,3,88,758
7,56,7,5,16,65,630.7
6,91,7,3,12,67,728.7
3,97,5,11,2,56,647
7,80,5,5,10,35,508.5
5,83,9,9,10,75,755.9
7,43,9,11,4,80,649.4
2,52,7,2,5,69,589.7
6,43,6,7,3,78,615
8,46,4,10,9,83,670.7
1,85,7,8,9,51,608.5
4,98,6,3,11,68,743.4
11,48,6,11,17,63,609.9
1,62,7,4,14,40,491.2
1,72,6,11,17,35,507.9
10,72,8,10,2,89,779.5
11,59,6,2,2,61,570.1
8,43,7,10,0,46,440.8
7,40,6,9,16,38,434.6
10,93,7,3,9,89,853.5
1,81,5,9,5,50,569.8
11,73,7,7,10,86,787.2
2,66,6,6,13,45,527.3
4,60,7,11,16,86,759.4
1,63,4,11,6,54,539.2
3,54,7,3,3,60,542.6
8,74,7,11,10,62,657
8,64,4,7,18,76,713.2
8,94,4,11,8,42,587
6,48,4,3,20,36,443.2
6,56,9,11,7,74,663.6
5,60,8,6,19,60,627
9,99,9,8,3,61,709.9
4,52,7,5,15,67,620.3
10,42,9,11,5,95,738.3
7,43,9,11,5,89,702.3
1,43,4,3,18,41,438.9
9,82,4,6,1,88,776.2
7,67,5,8,10,80,720.6
10,46,9,10,17,70,652.4
9,65,8,3,8,55,581.5
7,50,7,11,15,83,715.5
2,63,6,11,10,68,640.6
6,82,8,5,13,92,849.4
10,49,8,9,7,57,550.3
11,76,5,10,12,68,698.8
4,52,7,10,9,74,644.4
3,100,7,3,11,41,603.3
2,83,4,11,20,60,681.8
6,81,4,2,2,74,688.8
8,78,8,11,1,86,774.8
6,58,5,8,10,83,708.1
9,90,7,7,17,89,874.5
5,58,5,9,20,51,565.3
2,51,6,4,3,65,555.9
8,91,7,3,7,73,748.7
9,61,4,10,10,59,589.1
10,86,8,5,14,71,757.3
4,76,5,11,20,49,608.7
6,95,4,1,1,36,517.2
11,69,8,5,18,45,578.9
10,85,4,3,14,66,706.8
8,51,7,1,12,64,593.8
9,68,5,3,1,51,531.5
5,60,6,5,2,58,548.2
6,50,9,5,13,79,686.3
11,99,4,10,19,38,622.2
4,76,9,8,12,90,821
5,87,5,11,15,84,819.2
7,97,7,1,11,95,896.9
9,57,4,7,0,80,655
10,83,7,5,5,66,685.8
11,98,6,3,12,53,678.3
6,66,6,4,1,37,448.1
6,76,8,3,17,38,545.6
8,87,8,8,16,59,700.7
11,51,8,4,18,43,512.7
4,62,7,3,14,55,578.5
3,73,8,2,7,57,599.9
7,100,5,3,8,80,806.8
5,77,9,7,7,63,659.3
2,62,9,6,7,64,612.6
2,92,7,10,10,59,681.3
11,64,7,5,17,83,765.1
6,43,8,8,16,63,586.7
8,69,9,11,5,68,666.8
1,69,9,1,1,48,517.2
11,52,8,3,0,56,524.8
6,81,7,2,9,82,769.8
2,88,6,2,7,85,788.1
2,53,6,11,15,50,528.6
7,95,8,1,13,45,627.1
10,86,6,5,15,94,878.4
1,47,5,5,13,93,726.7
6,94,5,3,6,48,604
7,63,5,9,17,41,519.1
8,57,7,6,19,39,504.1
7,74,7,10,8,92,812
6,64,7,6,3,74,659.2
9,56,7,10,15,63,626.3
3,71,7,6,10,51,571.5
11,95,8,2,8,64,723.8
6,63,6,11,16,59,619.5
4,46,8,10,10,48,491.2
2,52,6,10,19,93,774.5
1,66,8,8,2,76,669.6
1,87,5,6,20,56,668.2
11,44,4,3,10,78,638.2
10,75,7,10,7,39,526.1
3,65,4,9,9,74,667
4,81,4,2,5,62,629
2,84,5,7,16,46,593.8
11,70,4,3,5,70,655.2
11,49,4,6,6,94,731.2
11,85,5,5,12,47,604.3
1,65,6,6,5,91,748.1
4,61,8,8,2,55,545.1
7,51,9,3,12,66,614
10,71,4,2,9,83,740.1
11,66,7,8,3,90,765.6
6,72,5,1,4,91,765.3
6,100,4,2,20,55,702.5
11,92,9,10,18,95,933.3
9,91,6,1,17,71,766.9
2,59,6,5,6,72,629.8
4,78,9,8,20,43,595.7
5,80,7,2,0,71,673.7
1,79,4,4,16,36,513.8
8,98,7,4,19,37,613.7
8,52,6,11,19,77,699.7
6,53,6,11,17,44,510.4
5,83,8,7,4,69,695.7
8,79,6,1,5,43,534.1
3,92,5,9,9,74,752.4
3,61,8,3,18,82,740
2,57,7,6,9,95,766.1
5,87,6,10,5,95,848.9
3,68,9,5,9,88,770.2
3,82,5,4,9,66,672.4
6,55,8,9,20,55,593.5
8,85,5,11,11,92,849.6
2,74,8,9,3,68,656.2
4,92,8,1,12,59,685.7
11,73,8,7,9,76,733.2
7,42,9,10,15,90,737.6
1,43,7,9,18,66,596.8
1,93,8,5,5,80,779.2
10,44,8,1,8,71,606.1
7,49,5,8,13,56,544.8
7,91,8,5,9,59,683.3
1,68,7,6,7,35,460.3
1,71,9,7,2,79,704.3
4,70,9,10,16,70,709
5,41,5,7,18,55,527.1
5,51,8,7,2,75,625.9
4,66,5,1,13,50,548.4
8,44,9,7,5,66,576
7,76,7,11,18,94,864.2
9,66,5,3,17,55,601.9
7,62,7,5,11,87,752.7
10,72,6,10,14,62,663
1,43,8,5,5,94,706.2
7,98,7,8,20,53,707.9
1,60,8,7,11,90,758
7,63,7,7,18,48,567.4
10,83,4,6,6,57,627.7
8,70,4,7,19,58,635.6
11,83,4,7,9,54,624.6
9,87,7,5,17,66,736.6
3,63,9,5,1,74,651
4,88,9,4,12,44,599.2
4,92,8,4,14,86,844.6
9,49,4,5,3,35,391.3
7,88,8,10,6,65,703.1
3,88,7,9,2,86,791.4
10,89,8,11,15,71,776.9
5,41,8,6,8,92,708.6
7,70,4,8,16,49,575.1
8,64,9,9,7,74,689.2
1,43,5,4,17,65,573.1
2,90,6,7,12,62,690.6
7,50,7,5,1,44,446.2
11,56,7,4,0,40,445.6
2,83,7,7,15,49,612.7
7,41,6,3,15,81,663.5
9,45,5,1,10,61,545.7
11,48,9,7,3,44,466.2
2,44,8,9,10,55,518.5
7,59,9,2,5,53,541.5
4,68,7,7,10,38,494.2
11,60,8,10,0,56,557.2
2,48,4,2,8,72,591.2
7,67,9,3,6,49,548.1
5,100,4,10,20,40,627.6
1,94,4,10,2,84,782.4
5,47,9,3,8,45,468.9
3,70,7,4,1,78,684
7,59,6,6,9,64,607.2
6,66,7,3,16,74,705.8
8,47,4,9,0,58,504.4
5,93,4,2,17,56,674.8
2,60,7,7,5,64,592.2
9,100,6,6,5,80,808.6
11,67,6,2,8,38,488
8,62,8,11,9,84,743
6,45,5,3,14,40,440.2
10,42,4,6,3,72,577
7,44,6,10,7,60,538.2
9,48,9,4,3,53,508.1
7,46,4,1,2,36,375.6
3,99,5,1,3,38,545.4
6,43,9,3,0,90,679.2
11,78,4,8,8,39,524.9
11,44,6,11,10,81,673.1
7,50,8,4,20,69,651.5
2,100,7,11,18,63,755.7
3,54,9,1,20,50,551.8
4,73,7,8,19,79,766.5
10,52,6,10,6,46,487.8
6,93,6,6,4,55,640.7
1,87,9,1,1,43,543.7
9,46,5,10,18,45,498.7
5,79,9,10,2,42,536.4
7,45,4,6,14,94,738.4
9,95,5,1,6,60,676.6
9,78,7,10,4,66,671.4
1,89,4,10,9,73,730.7
1,69,5,3,8,38,470.8
3,61,7,2,13,68,640.4
6,64,4,4,12,62,608.2
2,67,8,2,0,59,567.1
10,93,9,11,15,85,870.3
11,59,9,5,19,88,793.2
1,78,9,4,7,95,826.7
1,42,8,6,16,89,714.3
5,44,5,7,5,78,618.4
4,40,6,2,1,69,539.7
1,54,4,2,12,53,516.3
4,65,5,8,7,69,637.9
3,42,6,9,8,85,663.9
2,79,9,5,12,85,794.9
9,96,9,7,17,73,813.3
11,80,9,9,17,63,716.7
1,86,6,1,8,48,578.8
7,81,4,8,1,55,590.1
4,73,4,10,3,70,651.8
5,91,6,10,17,72,775.2
10,44,7,9,16,48,512
5,70,9,9,11,74,714.8
1,90,5,10,15,84,819
6,52,4,7,12,94,751.8
9,82,6,10,10,49,605.9
2,40,7,3,13,85,670.1
7,61,8,5,9,84,730.8
6,54,6,2,20,64,622.8
5,65,7,11,18,81,755.7
4,57,8,10,20,89,783.7
4,87,7,3,16,46,610.8
6,48,4,10,8,84,674.8
4,40,6,7,13,39,421.5
5,82,8,1,4,61,641.5
6,48,7,3,2,49,466.7
5,62,8,5,7,60,591
7,82,5,11,17,43,589.5
9,84,6,4,2,74,715
10,97,4,3,1,74,742.6
7,41,8,6,10,69,592.9
7,53,9,6,4,47,491.9
4,77,7,4,6,79,729.5
1,79,9,9,13,78,762.6
8,57,8,11,18,81,742.1
4,55,9,6,1,80,663.2
1,92,7,9,8,67,715.3
5,68,8,11,9,68,667
8,83,4,10,18,89,845.3
4,50,4,10,16,38,451
8,45,6,2,6,47,458.7
8,42,4,6,17,44,466.6
3,53,8,4,5,87,700.5
9,99,8,2,8,79,814.3
3,41,4,5,7,35,368.9
1,71,5,3,8,45,515.3
2,70,8,6,0,84,718.4
6,50,6,11,1,43,441.5
10,61,5,8,3,72,640.8
2,42,4,4,19,57,530.5
6,89,7,4,17,47,630.9
1,70,8,5,9,39,498.3
11,72,7,6,0,59,600.5
1,63,9,11,9,44,516.4
5,40,6,7,8,39,406.5
10,83,5,6,12,56,647
11,54,7,7,14,76,688.8
9,76,6,9,17,59,665.5
8,66,7,4,12,71,680.9
3,77,7,10,4,54,590.4
3,87,6,1,1,62,639
1,66,8,9,6,55,568.9
3,83,7,7,8,45,568.9
11,51,6,4,18,63,613.9
1,42,7,10,13,39,429.5
8,69,8,8,16,71,712.7
1,71,6,7,19,83,770.9
5,62,7,2,19,87,772.3
9,41,4,1,10,39,408.3
7,46,8,9,4,67,580.1
4,73,7,7,11,79,738.1
11,71,5,10,20,70,722
9,92,6,1,8,42,579.8
9,78,7,4,16,86,815
2,71,8,5,7,89,771.5
10,82,8,5,7,40,551
10,82,5,5,11,49,600.9
11,53,5,11,18,49,546.9
6,42,9,3,9,87,690.3
4,85,9,5,1,82,763
8,71,7,4,7,43,524.9
11,82,4,5,13,95,858.3
7,75,8,7,18,90,838.8
7,56,4,5,3,39,430.3
11,87,4,8,8,60,667.4
10,42,7,8,12,57,540.7
9,96,6,3,8,50,638.2
5,49,6,5,12,93,741.7
6,92,6,4,15,91,870.7
1,86,5,5,0,73,689.5
6,79,8,8,7,69,697.1
2,57,5,4,8,44,471
6,42,8,5,12,61,555.5
9,78,9,7,16,50,629.4
8,49,8,3,8,55,531.5
9,91,8,6,6,46,606.8
10,48,7,9,19,43,506.7
8,85,6,11,9,50,616.2
3,94,5,4,20,43,619.3
8,85,9,4,4,90,824
6,50,5,6,16,63,592.1
6,99,7,6,1,88,834.4
6,72,8,3,8,57,607.5
3,75,9,1,1,73,676.7
10,65,6,3,9,77,699.1
1,66,4,8,11,83,721.1
4,77,4,8,1,58,588.6
10,61,7,6,14,56,596.6
6,65,6,7,2,89,738.1
11,61,4,2,1,65,585.9
10,44,4,9,6,44,442.8
2,74,9,3,8,81,741.9
7,41,9,2,10,76,631
7,74,5,5,15,61,650.5
11,48,6,1,6,68,588
4,90,4,5,12,82,793.4
4,90,9,10,2,73,737.9
1,88,9,4,10,58,663.4
2,57,9,6,2,94,745.6
9,82,5,5,14,55,642.1
10,51,6,9,7,49,503.5
8,42,8,5,6,51,484.1
8,57,9,8,4,88,733.8
9,95,6,2,5,79,783.3
7,77,7,3,18,53,632.1
9,46,5,3,2,87,666.9
10,72,8,3,10,59,633.3
2,45,9,6,5,89,692.3
6,57,9,7,20,74,706
3,84,5,7,13,56,640.6
11,61,5,7,16,75,702.3
6,90,4,3,2,85,777.5
3,78,9,1,3,83,747.5
8,90,6,6,8,76,764.8
11,48,5,3,12,48,496.4
4,74,5,3,5,95,795.1
10,62,7,3,9,94,788
6,51,7,9,19,62,612.2
9,91,7,4,19,46,644.2
2,63,5,5,20,61,624.5
2,89,8,3,12,86,823.6
7,79,6,10,13,58,652.6
2,48,5,1,11,56,516.6
2,52,4,4,12,73,624.7
4,79,9,1,9,95,838.9
9,93,8,11,6,75,778.3
8,81,8,11,4,84,783
2,56,6,7,11,73,645.7
8,46,8,7,1,94,718
4,56,6,4,7,70,616
2,94,8,5,7,57,664.5
11,89,9,10,18,42,632.8
10,63,6,7,4,62,598.4
7,41,7,6,7,84,660.8
6,74,7,4,9,63,646.7
10,100,8,4,12,49,670.3
5,67,8,2,8,73,677.3
11,58,6,10,6,42,485.8
1,72,6,2,19,62,652.4
2,60,9,4,19,67,661.5
8,92,5,5,18,45,628.7
1,49,7,4,10,76,636.6
3,92,5,3,7,71,721.9
2,85,5,11,15,59,669.7
5,84,4,2,9,68,686.6
4,48,6,4,5,56,508.2
7,77,4,11,9,36,504.4
5,45,4,5,9,85,666.7
8,90,5,1,18,50,645.4
4,92,4,1,3,45,560.5
6,81,9,6,18,48,627
4,94,6,5,2,66,692.2
2,74,5,11,16,56,623.6
1,57,6,4,13,39,462.9
1,92,9,1,9,70,734.4
8,58,8,7,5,57,564.1
4,44,4,4,15,53,504.9
5,64,5,3,8,63,601.3
11,50,7,7,20,76,697.2
8,49,6,2,11,57,542.7
7,56,9,10,11,94,788
8,75,4,1,13,43,540.5
8,65,6,11,1,52,540
6,70,9,4,9,65,654.5
10,71,6,8,3,71,669.7
2,60,8,6,5,51,523.9
6,57,9,9,12,89,763.7
1,99,6,1,13,52,656.8
1,57,8,1,3,61,555.1
11,40,8,11,9,55,523.5
3,53,8,5,9,35,429.3
3,47,4,6,4,66,548.4
11,41,9,8,3,48,468.4
5,90,6,3,11,93,858.9
1,54,6,6,13,80,681.8
10,99,9,3,6,48,644.6
6,73,8,8,1,67,647.7
7,75,6,11,13,70,707.8
10,40,6,11,9,89,699.7
11,90,8,4,15,73,784.5
3,60,7,2,2,90,721
4,81,7,9,7,46,569.4
10,40,8,10,16,79,676.1
11,71,4,8,3,59,596.9
10,59,6,6,20,49,568.1
10,93,6,3,18,54,687.2
10,86,7,2,14,68,732.8
10,75,8,4,19,92,855.6
3,78,9,4,9,94,832
1,69,9,1,9,48,544.4
8,46,4,9,11,64,571.8
10,61,8,10,8,78,706.4
10,96,7,8,14,47,654.5
2,89,7,7,17,48,632
1,84,6,6,19,63,698.7
8,49,5,3,0,60,518.6
7,95,4,4,2,37,531.7
7,47,4,2,7,59,523.3
4,66,5,7,6,61,592.3
11,49,9,2,14,79,693.1
9,53,9,10,7,74,659.4
6,85,9,1,14,50,630.4
2,98,7,6,4,72,745.6
1,91,8,4,11,45,599.9
1,93,4,8,11,63,692.1
9,50,5,1,8,81,663.9
4,45,6,9,20,85,715.7
5,60,6,6,8,92,756.8
3,72,7,2,14,58,621.8
4,58,4,8,14,63,603.3
8,78,8,5,19,68,729.8
4,63,4,5,11,45,505.5
9,57,9,5,4,54,545.2
9,74,6,7,0,54,571.8
6,91,4,7,18,43,608.7
2,82,6,10,10,90,817.4
10,76,5,11,17,57,654.5
11,58,5,7,5,70,628.4
7,92,6,10,16,89,872.3
9,63,8,2,13,83,745.3
6,95,8,8,11,61,714.7
3,73,4,1,4,58,576.4
7,61,6,2,6,74,653.2
5,43,7,11,15,59,558.5
1,96,8,7,8,59,685.3
3,49,8,4,14,82,691.6
5,41,9,11,3,67,564.5
7,47,5,10,19,65,611.1
3,72,8,10,6,44,531.6
6,98,8,9,13,73,797.7
5,77,9,11,3,49,573.5
1,82,8,9,3,35,496.7
10,98,9,3,13,88,885.4
6,67,6,3,6,50,538.4
8,49,6,9,14,55,550.3
1,84,5,10,11,93,836.9
2,40,4,8,13,36,393.4
4,73,9,1,12,95,831.1
2,42,8,6,18,37,437.1
11,48,4,7,11,49,498.9
9,44,6,11,15,66,603.6
10,81,8,8,15,90,853.8
8,49,4,2,0,84,645
8,51,9,1,14,81,702.9
4,57,9,4,4,61,572.5
5,97,4,1,5,70,721.8
4,60,9,2,20,69,677.5
9,60,7,3,16,94,803.8
2,40,6,4,10,73,590.7
11,42,5,6,3,58,506.4
8,44,5,8,17,86,710.4
2,64,7,9,19,88,786.2
1,97,4,4,13,85,827.1
10,88,9,1,8,89,841.5
3,47,7,5,2,42,421.6
9,56,7,5,2,41,455.1
3,48,9,9,10,38,443.4
9,71,6,6,19,64,681.2
7,45,9,5,4,44,450.2
10,88,9,10,3,94,862.8
1,79,8,10,11,59,648.1
10,60,4,5,11,76,679
5,46,5,8,3,81,635.3
9,46,5,11,2,66,561
3,86,7,1,1,90,794.4
9,78,7,5,3,88,783
5,93,7,1,3,66,694.2
9,66,4,7,6,84,724.4
10,47,7,7,1,66,566.6
6,48,7,10,10,44,474.8
9,67,8,8,4,89,766.9
7,54,4,7,12,43,479.3
7,41,6,11,3,59,511.3
8,46,6,9,8,59,542.9
7,86,9,8,6,75,754.1
9,57,8,8,12,88,758.6
11,61,5,3,9,50,536.2
9,89,9,10,6,83,813.5
6,49,6,4,17,50,523
7,93,4,4,17,64,725.2
2,89,5,1,1,72,693.6
9,72,7,6,20,39,554.5
1,46,4,2,0,41,385.5
1,42,5,9,12,47,460.1
3,53,6,1,1,42,427
6,83,9,1,3,67,680.5
5,85,7,11,8,44,578.2
2,100,7,10,7,86,843.6
9,75,4,11,17,54,628.6
10,52,9,6,15,66,636.8
4,55,7,1,3,63,561.7
4,55,5,3,3,35,401.3
5,93,8,10,17,61,729.5
8,44,6,2,1,54,477.2
10,91,4,11,20,89,881.3
4,64,9,9,10,48,548.4
5,77,8,5,19,49,616.3
4,77,8,6,3,40,511.6
6,89,4,2,13,86,816.2
3,77,5,8,20,36,534.6
8,78,9,6,16,94,868.2
6,95,6,11,7,63,706.9
10,95,4,8,0,73,733.7
5,87,9,8,18,90,876.4
2,80,8,1,18,91,842.1
10,65,8,7,20,91,827.1
10,98,4,2,6,66,717.4
7,52,9,11,0,86,695.8
2,83,8,8,0,85,765.3
1,90,4,2,9,39,537.1
7,65,4,4,12,56,580.2
5,94,6,2,4,62,675.4
1,94,4,7,11,66,710.4
4,40,9,5,2,63,526.9
4,47,9,11,18,74,670
10,43,8,11,3,37,411.1
7,60,7,9,14,65,640.7
9,61,6,5,12,47,532.7
2,90,9,11,10,40,580.8
1,92,8,8,1,55,628.7
2,97,8,2,8,95,882.3
7,76,6,3,11,89,798.9
10,88,6,6,3,48,591.8
6,42,8,11,18,59,572.1
4,58,7,7,9,41,477.3
1,40,5,10,10,77,613.5
1,68,8,8,6,56,579.2
5,62,6,3,12,66,629.8
1,72,4,7,8,75,683.7
7,94,4,8,11,66,723.6
11,91,6,10,1,76,754.8
1,80,6,6,20,86,816.6
1,62,5,4,0,64,566.8
2,44,9,6,6,51,483.7
11,46,6,9,0,74,604.2
10,96,4,3,15,88,864.2
3,97,7,2,3,72,736.4
11,45,6,5,7,55,515.7
1,88,5,7,16,60,680.8
9,61,7,3,20,77,726.9
10,88,5,5,18,37,576.7
8,52,7,4,3,72,613.8
5,51,6,11,3,51,493.3
11,43,4,7,7,73,602.3
2,47,7,2,9,40,428.8
5,76,8,11,15,55,639.9
6,70,9,7,18,79,765.7
1,76,5,2,0,80,694.4
11,84,7,3,4,85,789.5
4,65,5,5,1,74,641.4
9,82,4,7,15,47,599.5
2,47,5,6,12,86,688
5,79,5,7,5,43,530.9
1,72,8,11,3,91,777.1
4,84,5,6,6,39,524.1
4,68,7,1,1,77,670.9
6,44,5,5,9,41,428.1
10,67,6,1,13,72,688.8
9,92,5,7,7,78,777.2
3,79,6,4,2,78,710
9,56,9,5,2,72,634.4
6,94,5,1,1,65,678.1
7,62,9,8,16,38,512.6
10,84,5,4,18,92,866
2,48,7,3,9,47,471.5
11,41,6,1,11,78,639
10,71,9,4,10,49,580.9
6,90,9,3,8,74,759.4
6,91,6,8,12,47,620.3
2,88,8,9,5,77,754.5
2,70,5,5,13,77,709.7
2,46,5,9,10,77,632.3
10,69,7,1,4,60,602.6
1,97,8,7,1,53,631.5
5,42,8,11,6,87,683.3
8,90,7,7,16,83,836.1
2,90,9,6,5,35,530.3
5,95,6,4,13,47,628.9
8,48,9,11,3,59,547.5
10,49,4,9,2,54,499.2
5,100,7,3,10,75,790.9
2,85,6,11,0,57,612.1
3,89,9,11,13,92,876
6,97,9,1,5,58,679.8
11,86,8,2,16,77,795.5
11,65,7,3,16,75,718.3
5,40,4,2,10,83,640.5
11,69,5,6,6,73,680.1
4,96,7,7,12,74,783
4,77,4,5,7,64,638.4
5,54,4,5,7,68,593.4
2,64,7,7,8,80,702.4
9,45,6,6,6,44,449
2,57,7,8,8,75,655.1
10,40,9,9,10,94,741.4
2,95,8,2,1,35,522.5
10,42,9,2,17,46,498.8
9,56,4,1,2,80,651.6
3,87,4,7,17,85,818.3
10,47,5,11,15,63,593.7
7,99,4,4,7,45,604.7
4,88,5,9,7,75,741.1
6,79,4,6,5,51,571.3
4,56,4,7,1,54,502.4
10,64,7,7,15,92,808.2
7,80,7,8,20,72,758.4
1,51,8,4,8,40,442.2
3,68,9,3,18,54,611.4
3,64,6,3,20,44,538
1,90,8,10,14,44,608.8
6,75,4,8,1,65,625.1
11,92,8,3,14,60,714.4
9,93,7,8,10,92,877.4
8,64,9,2,19,51,595.1
11,68,4,5,11,87,765.5
7,50,4,5,14,48,499.2
10,99,8,7,15,39,626.1
8,43,9,5,5,37,411.1
6,53,5,9,2,77,634.1
9,85,6,3,5,85,787.5
3,77,9,9,2,54,591.2
10,100,8,1,20,85,891.9
10,56,8,3,12,80,707.6
9,41,6,4,11,49,479.1
4,47,4,6,7,37,401.1
7,75,4,10,1,37,475.5
9,49,5,8,6,57,530.5
2,46,8,7,16,43,476.5
2,75,6,8,6,45,532.9
9,55,8,6,0,81,670.9
3,53,7,6,3,95,735.7
9,55,8,6,14,83,729.5
5,64,8,3,3,90,746
6,80,7,10,11,92,838.2
2,43,7,4,15,78,648.6
8,68,6,11,20,83,784.1
11,95,4,6,17,75,802.1
9,45,5,7,13,47,486.1
2,40,7,3,13,42,433.6
6,78,4,4,10,56,610.4
6,40,6,6,15,72,612.6
8,90,9,1,14,61,709.9
10,79,8,11,5,60,652.4
5,96,6,7,12,57,687.1
9,42,6,11,16,90,733
1,40,7,1,3,95,686.7
9,40,5,11,11,73,612.1
10,78,7,10,17,65,712.1
7,60,8,11,7,63,612.7
4,84,7,11,11,35,533.9
3,69,8,9,3,44,511.2
10,71,7,10,7,81,745.1
11,72,9,9,1,95,814.3
6,87,5,11,3,80,758.4
1,61,9,9,11,38,481.8
3,69,4,4,20,65,660.9
2,93,5,2,9,38,547
11,85,7,7,14,63,710.3
9,43,6,4,8,43,441.9
3,62,4,5,8,49,512.3
2,94,6,1,6,78,763
4,83,9,11,1,75,725.7
2,64,5,10,6,37,453.9
1,51,4,6,8,93,718.5
6,56,9,7,17,49,555.3
10,92,7,3,11,91,868.3
8,54,6,10,6,87,715.3
10,49,7,2,18,45,508.9
10,74,8,10,15,40,560.2
2,94,4,7,7,81,781.3
9,91,6,1,18,41,605.3
3,91,5,2,5,85,787.9
8,68,5,3,1,80,689
8,51,5,4,1,38,408.2
3,40,9,5,7,55,497.9
3,40,5,4,9,35,375.9
6,49,6,10,20,90,760.4
1,57,9,3,20,93,795.7
4,86,8,1,10,57,649.9
1,41,5,7,19,47,478.5
3,88,5,10,19,77,792.1
9,47,9,6,2,62,553.6
5,61,5,2,15,63,614.9
5,61,8,2,2,52,523.4
11,65,9,3,7,57,597.5
4,65,9,8,18,62,654.4
3,48,4,8,11,43,451.1
5,60,9,10,17,87,777.9
11,70,5,10,12,77,730.3
4,91,9,10,10,40,586.6
8,82,5,10,12,50,611.8
4,45,5,11,20,71,636.7
11,95,9,8,2,35,555.5
8,53,4,7,5,56,526
6,72,5,2,2,80,699.2
11,46,4,1,0,57,492.3
5,63,4,6,13,55,570.5
4,48,9,11,19,85,736.9
4,50,7,8,6,65,576.3
4,95,7,1,8,72,748.2
11,62,5,3,0,62,574.6
9,87,6,1,9,78,766.2
4,90,7,10,12,61,697.1
9,41,9,9,11,73,630.3
10,54,9,7,3,76,658.2
6,74,7,8,6,76,712.8
10,75,6,9,9,94,829.8
7,91,8,3,6,91,846.7
10,93,5,10,14,47,639.1
3,67,8,11,18,66,679.6
8,78,8,2,6,41,533.5
3,83,4,6,13,85,791.5
1,43,4,5,20,67,591.1
10,49,5,4,13,81,683.5
5,45,6,6,17,80,676.4
2,96,4,6,9,47,605.9
10,69,7,3,2,66,631.2
6,93,5,2,5,41,557.9
10,85,9,9,8,46,605.6
9,74,8,8,13,74,736
1,88,5,4,20,49,630.3
4,82,9,6,20,93,880.3
1,49,9,3,7,83,672.5
1,97,4,11,0,55,626.3
8,100,9,8,2,46,625
11,92,6,3,5,94,862
2,71,9,2,0,47,517.5
1,81,9,7,17,74,757.8
11,81,8,3,9,76,752.4
8,42,6,9,16,73,635.1
4,95,5,3,20,36,584.6
3,65,6,8,0,63,583.5
4,54,6,2,7,95,745.1
11,56,5,9,11,82,711.2
5,66,8,1,18,63,652.1
1,57,9,3,13,70,645.4
11,90,6,11,18,72,788.8
1,58,6,2,16,41,484.7
3,51,5,7,15,64,592.4
6,63,7,5,18,57,612.5
1,44,6,8,4,85,651.1
11,63,4,2,18,62,633.2
2,66,9,8,3,90,756.4
7,87,9,7,4,57,650.1
1,69,8,11,4,70,656
7,54,6,5,0,76,626.4
4,86,5,2,17,63,694.7
10,98,4,10,14,38,600.2
6,77,5,11,20,54,643.2
8,83,6,7,18,39,575.5
9,73,4,10,13,80,750.8
6,66,8,4,5,45,514.5
11,59,8,4,17,36,494.8
9,80,8,8,7,75,739.1
4,71,7,6,4,88,756.6
6,43,5,9,7,78,626.6
8,44,6,11,5,58,523.6
9,92,4,2,9,93,856.1
3,97,9,5,2,67,717.9
2,47,9,6,12,56,540.6
6,61,5,8,6,81,692.5
4,81,6,4,3,40,512.4
1,46,7,11,12,58,543.8
8,61,6,7,5,63,597.3
9,85,5,11,15,83,815.7
9,69,6,7,20,66,690.8
2,76,9,4,0,87,754.9
9,55,9,1,12,81,710.1
7,54,4,3,1,64,552.6
5,44,7,2,19,80,679.8
7,42,9,3,18,85,711.9
9,62,4,5,5,88,728.6
8,100,7,11,10,75,806.5
6,49,9,1,16,92,760.2
4,44,7,5,8,37,407.5
1,62,6,2,4,59,554.9
6,54,4,4,4,62,551
3,57,7,6,15,91,766.5
6,64,7,9,3,49,525.3
6,47,6,10,19,51,536.5
4,70,9,6,12,36,503.6
2,60,9,10,16,61,625.5
9,41,5,11,8,70,588.4
2,61,5,2,12,48,516.2
3,47,9,8,15,77,670.7
10,62,8,5,19,93,823.3
1,71,8,9,9,66,654.6
7,47,7,10,9,46,481.4
1,43,9,9,19,57,559.5
11,69,5,4,15,50,581.8
9,58,7,1,19,78,717.6
11,62,4,11,0,36,436.8
11,57,5,9,10,41,485.3
1,92,5,9,12,55,654.1
5,68,5,8,17,92,809.4
7,62,8,5,4,65,612.3
3,72,6,5,3,57,578.1
9,91,6,10,5,94,863.4
8,86,8,6,14,91,864.5
3,57,9,1,1,59,545.7
5,93,9,9,3,69,729.1
7,83,8,5,13,69,727.9
4,72,8,7,3,79,712.3
5,46,9,11,17,41,484.1
3,90,6,8,19,39,591.1
9,67,7,5,15,66,669.8
10,40,8,3,8,87,684.5
9,95,7,6,7,39,579.3
7,78,7,7,10,59,645.7
10,73,4,4,13,65,663.1
2,78,6,9,16,54,626.6
7,58,7,11,12,56,580.8
7,70,6,4,7,72,675
11,52,6,11,13,47,520.3
5,96,4,10,10,73,763.1
9,63,9,2,8,36,474.2
11,44,6,9,7,56,523
3,62,7,4,13,95,794.3
4,58,9,4,14,43,510.5
1,40,9,10,0,85,641.1
6,72,5,1,11,36,486.6
4,98,7,2,4,79,783.3
1,89,7,3,13,66,710.6
2,95,6,7,15,42,605.8
3,72,7,9,18,50,599.8
9,71,5,5,15,67,678.5
8,98,6,4,6,45,609.1
7,67,8,2,2,66,622.4
11,76,7,7,7,42,544
4,80,7,6,20,66,717
1,51,4,7,20,55,551.5
8,48,8,8,13,59,573.5
4,89,8,9,19,91,886.1
3,94,5,10,2,54,625.8
9,50,8,5,10,35,435.7
10,72,4,11,13,55,613.5
4,58,5,5,1,41,438.9
4,93,8,4,3,91,837.7
9,96,5,11,20,92,915.2
11,81,8,3,4,59,641.9
2,73,8,7,18,43,564.3
5,46,9,5,9,56,532.2
4,70,8,7,20,36,527.6
9,91,7,2,20,87,870.7
5,41,8,9,1,53,473.9
9,58,7,9,20,94,818.6
11,77,6,9,2,40,517
9,71,9,5,14,93,835.7
2,49,4,10,18,39,456.3
9,80,5,9,20,79,793.3
3,47,5,1,1,44,415.6
4,65,6,2,2,93,750.1
1,69,8,10,11,35,486.1
1,50,4,5,13,60,549.8
1,80,6,5,16,60,658.8
9,59,6,6,15,94,796.6
11,99,5,8,16,52,691
8,59,7,1,8,93,763.7
5,48,7,10,2,55,506.1
5,47,8,9,13,80,681.2
9,99,8,4,2,46,614.8
3,54,6,8,5,72,617
3,73,8,5,20,48,598.2
7,63,7,1,18,83,752.7
9,72,4,9,12,66,666.2
6,80,5,8,4,73,698.7
2,80,7,5,0,69,660.3
1,84,9,11,11,51,624.7
2,79,8,4,14,89,818.1
1,66,5,8,18,89,782.3
10,60,9,9,1,44,495.8
10,44,5,7,2,69,568.7
9,100,6,4,6,50,644.6
10,74,8,7,10,40,539.6
8,60,6,6,9,38,469.2
7,43,5,11,7,86,675
3,88,6,3,1,43,539.9
8,87,8,10,13,63,714.9
2,55,7,3,12,41,469.7
2,96,4,1,6,50,606.2
11,70,9,5,20,40,565.6
10,65,7,8,8,78,711.6
3,91,5,6,6,91,829.1
7,74,7,8,0,95,798.9
1,45,6,7,0,37,375.3
8,72,8,2,5,78,715.6
7,60,7,8,0,86,707.4
4,55,7,4,15,48,523.6
5,86,8,11,2,48,587.2
10,78,6,5,12,43,563.7
1,73,4,11,20,70,704.8
4,81,7,8,3,57,615.1
1,96,9,5,16,91,890.5
1,99,5,5,9,86,830.6
10,54,6,6,3,91,726.3
1,45,6,7,19,49,505.9
7,41,7,9,11,41,441.5
7,63,9,11,12,54,593.6
4,95,8,7,3,53,638.3
2,88,7,6,15,40,577
3,67,7,10,18,85,778.5
8,40,8,4,6,73,597.9
8,40,5,11,0,35,363.7
11,67,8,10,15,41,546.7
11,75,7,2,1,69,663.1
6,59,4,11,0,59,544.3
10,87,8,11,13,72,769.6
9,47,5,9,19,57,569.9
11,40,8,10,4,59,527.3
9,65,8,11,14,72,705
4,90,6,5,9,92,847
1,82,6,5,20,45,595.9
1,88,7,11,1,68,687.4
10,64,7,3,10,65,637.9
5,49,8,3,15,72,642.8
2,51,4,1,18,88,721
6,80,9,11,3,84,777
7,46,7,5,9,89,708.9
1,100,8,3,11,80,818.2
6,51,8,11,1,46,469.8
8,86,9,2,1,43,555.9
5,79,8,11,8,47,581.1
7,56,9,9,11,92,775.8
10,44,9,10,1,54,504
6,53,8,6,17,93,782.7
4,73,8,3,15,55,619.3
7,87,6,7,18,56,679
10,100,9,9,14,35,610.5
9,56,5,9,15,74,676.8
10,74,9,1,5,94,816.8
10,94,5,2,14,95,896.5
7,40,8,8,11,75,628.7
5,98,7,11,11,51,665.9
7,89,4,1,9,79,764.9
3,89,8,11,20,38,598.4
2,75,4,11,14,40,527.4
11,54,6,3,3,79,658.7
5,99,5,11,9,92,878.8
4,58,6,7,18,83,734.5
5,90,7,8,13,53,656.1
8,81,7,5,9,64,678.4
4,44,9,2,16,57,549.9
9,58,8,3,10,66,627.8
7,82,9,9,17,90,863.2
10,78,7,11,1,63,647.9
7,44,7,10,10,42,453.8
8,91,9,7,7,55,663.3
6,51,6,1,18,51,534.3
8,58,4,3,15,51,542.7
3,86,5,9,3,90,802
10,51,7,7,13,55,558.9
10,75,9,2,16,49,610.9
1,51,7,6,10,61,562.5
6,57,6,9,2,59,551.5
1,88,5,4,3,67,671.5
9,90,6,10,20,36,592.4
2,87,4,2,12,86,798.8
11,82,6,3,16,76,770.4
2,73,5,7,19,93,829.5
7,87,5,4,20,50,644.8
2,72,7,7,19,89,813.3
10,88,4,5,9,70,723.2
8,57,8,8,11,42,500.2
6,100,7,8,7,50,651.2
7,100,9,5,2,41,591.9
7,96,6,7,20,39,619.3
6,68,6,11,9,57,599.7
10,84,5,6,6,42,552.6
11,44,9,8,9,37,437.3
9,64,5,9,6,69,642.7
9,63,9,5,17,84,772.4
7,68,5,7,19,70,698
9,98,8,1,13,93,904.1
10,77,8,11,11,70,721.8
3,72,7,8,7,49,555.7
3,49,8,3,6,64,564.2
1,76,9,1,4,49,553.9
5,99,5,6,0,63,682.7
4,72,9,8,14,38,529.8
2,62,7,11,8,68,635.2
9,97,7,3,11,57,694.3
3,50,4,1,17,92,738.6
8,63,8,3,10,69,657.3
6,63,6,5,9,62,605
5,46,6,11,9,65,575.7
1,89,4,8,17,76,772
4,60,5,9,0,67,589.3
3,59,4,9,19,52,562
1,92,5,4,10,39,553.3
5,49,8,8,1,43,441.7
6,64,8,11,10,54,583.4
2,86,7,5,1,72,698.2
3,75,7,3,8,85,760.1
11,87,7,5,0,43,556.3
6,86,7,2,5,52,606.2
4,54,6,11,1,90,708
9,83,7,11,14,49,628.1
5,79,7,11,0,49,560.5
4,79,7,6,17,93,852.3
2,89,5,1,3,48,568.4
6,45,9,6,12,69,614.1
10,76,7,5,3,74,702
2,41,4,9,14,85,670.5
7,51,7,7,1,77,633.1
3,97,7,6,8,94,879.2
9,43,6,11,11,94,741
11,62,9,7,13,70,685.2
5,52,7,10,19,81,718.9
8,56,9,5,3,90,734.8
11,70,5,1,14,76,720.8
6,55,8,9,3,54,530.2
10,80,9,5,4,45,566.7
8,65,9,4,9,91,786.5
11,67,7,6,11,75,710.9
3,40,7,5,11,88,684.2
3,86,7,1,7,51,600.3
5,51,6,2,3,75,614.5
11,76,8,4,2,59,621.3
10,94,6,8,0,63,684.5
3,95,6,5,17,57,694.7
8,89,6,7,19,43,618.9
10,59,5,2,13,90,760.6
8,41,8,8,16,59,562.7
2,75,5,5,5,75,686.5
4,54,5,4,5,57,527.3
10,77,8,9,9,88,811.6
1,61,5,6,18,36,473.4
4,83,8,4,9,79,762.1
11,100,9,8,2,89,867.5
4,89,9,3,0,35,510.7
10,71,7,10,17,72,729.6
9,98,6,2,14,40,608.4
3,59,9,7,19,82,746.6
2,75,9,4,3,78,712.6
9,72,5,4,17,49,588.1
9,54,8,10,9,41,483.3
1,89,4,9,18,36,556.6
6,85,5,2,16,64,697.8
10,42,5,1,9,63,546.3
8,68,8,7,3,46,526.8
3,86,4,8,4,86,777.8
11,66,4,3,6,68,635.6
9,44,7,2,18,64,596.4
2,98,5,4,18,70,771
6,95,6,2,7,69,729.1
1,70,9,2,0,36,452
7,61,5,5,7,84,710.8
3,74,6,10,18,37,531.1
7,93,6,5,16,76,797.8
4,46,8,8,8,46,471
9,45,5,9,19,38,459.4
5,65,8,2,15,89,783.1
3,93,7,1,8,86,817.2
8,40,6,3,18,93,738.7
6,58,4,6,15,41,487.3
2,46,6,5,20,54,539.4
3,75,7,8,12,53,603.7
8,51,6,8,18,42,497.2
10,59,8,2,4,37,451.7
7,62,5,9,1,61,571.7
10,64,4,4,3,49,514.1
6,69,8,1,11,42,523.8
1,98,9,2,17,52,681.8
9,100,5,11,2,63,706.5
3,68,4,6,20,80,742.8
5,70,7,5,18,85,785.5
7,57,6,7,3,70,615
7,80,4,9,3,37,496.1
3,58,9,6,15,88,761.8
4,93,7,6,10,43,595.5
10,43,5,2,12,44,456.2
7,40,4,7,20,74,635
8,80,7,2,10,54,620.2
2,98,5,7,6,36,546.8
9,54,8,8,13,92,775
7,93,6,1,3,35,523.3
8,47,7,9,7,61,557.9
6,54,8,8,11,38,465.2
6,54,9,9,12,82,716.2
9,89,9,5,8,71,748.3
4,78,5,4,8,66,659
11,61,4,1,1,52,513.2
11,57,6,9,2,48,501
5,55,5,4,20,79,704.3
9,41,7,4,11,82,665
1,75,6,4,16,95,835.1
4,59,8,2,3,49,502.3
7,55,6,11,13,85,730.3
11,42,8,4,20,95,778.5
9,95,5,2,8,38,563.6
11,69,4,8,7,53,571.5
10,94,9,7,0,58,669
6,41,6,11,12,64,567.4
8,74,4,10,2,47,532.9
9,65,4,2,13,45,524.7
10,96,9,2,18,62,752.2
4,100,6,2,5,84,815.8
1,44,6,1,3,91,672.3
8,41,4,6,19,45,475.9
2,90,7,6,0,88,796
11,95,7,1,9,35,562.1
1,59,6,11,12,81,704.9
7,73,4,1,11,90,784.2
10,73,4,6,10,76,715.8
9,93,5,11,3,88,826.4
11,95,4,6,16,38,595.2
9,94,9,4,14,72,788
3,59,7,3,20,68,659.4
6,89,5,9,2,83,775.1
7,64,9,6,9,46,536.4
10,59,7,1,20,88,781
9,64,9,3,13,58,616.4
2,92,8,1,18,95,900.1
8,53,6,3,20,71,663.5
7,99,8,2,3,90,853.8
4,86,6,5,13,66,705.6
2,83,7,3,5,53,595.9
8,82,7,7,11,63,685.1
11,82,8,8,1,72,712.2
5,78,9,7,16,83,802.9
6,51,6,2,0,63,540.3
11,87,6,10,16,53,667.3
7,44,5,10,4,54,490.6
10,41,4,7,15,87,698.5
1,93,9,10,13,37,580.3
8,55,9,3,19,74,695.8
4,94,5,7,9,39,565.5
9,69,7,1,20,57,638.5
1,86,8,2,2,39,518.9
11,82,9,10,2,64,678.4
2,100,6,1,17,66,752.4
6,77,5,9,17,58,652.6
11,84,8,2,3,83,778.3
10,90,8,2,6,85,815.5
11,81,9,6,0,85,779.3
1,63,4,7,15,92,774
4,90,6,2,16,76,779.2
8,69,8,4,7,69,666.3
10,76,6,3,5,66,658
5,96,9,5,1,88,831
9,98,5,9,9,91,875.9
11,92,8,2,16,79,824.5
11,78,9,5,18,82,813.8
6,50,8,8,3,78,646
1,53,5,6,12,56,539
6,62,6,4,20,55,599.7
6,92,6,10,18,62,728.6
6,55,8,8,15,83,729.3
8,89,9,3,12,68,741
6,60,5,4,4,50,507.4
5,94,7,11,11,45,620.9
11,94,6,9,6,67,730.1
2,43,7,5,8,78,626
4,72,8,6,4,72,676
10,93,7,11,3,53,644.7
5,100,9,2,9,62,723.6
10,86,9,9,15,63,725.9
4,53,7,8,10,71,631.9
2,58,9,7,8,88,737.2
7,98,6,9,4,87,837.3
10,44,8,5,10,37,430.7
10,75,7,5,8,52,595
2,70,6,11,16,52,594
